fuzzer,domain-name,dns-a,dns-aaaa,dns-mx,dns-ns,geoip-country,whois-created,whois-updated,ssdeep-score
Original*,trump.com,104.16.42.145,,mail.trump.com,megan.ns.cloudflare.com,United States,1997-07-09T00:00:00,2016-05-21T00:00:00,99
Addition,trumpa.com,173.239.23.228,,,ns1.domain-is-4-sale-at-domainmarket.com,United States,2007-12-04T00:00:00,2016-12-07T00:00:00,0
Addition,trumpb.com,50.63.202.9,,smtp.secureserver.net,ns57.domaincontrol.com,United States,2016-10-31T00:00:00,2016-11-09T00:00:00,0
Addition,trumpc.com,219.118.222.233,,imx34.asj-hosting.net,ns.asj-hosting.net,Japan,1998-04-28T00:00:00,2016-03-04T00:00:00,0
Addition,trumpd.com,184.168.221.96,,smtp.secureserver.net,ns01.cashparking.com,United States,2004-04-29T00:00:00,2016-04-30T00:00:00,0
Addition,trumpe.com,97.74.42.79,,smtp.secureserver.net,ns11.domaincontrol.com,United States,2012-07-22T00:00:00,2016-08-04T00:00:00,0
Addition,trumpf.com,185.82.160.120,,smtp1.trumpf.com,dns1.trumpf.com,,1996-11-06T00:00:00,2016-11-06T00:00:00,0
Addition,trumpg.com,148.251.54.106,,mx00.1and1.com,ns-us.1and1-dns.com,Germany,2015-03-16T00:00:00,2016-11-03T00:00:00,
Addition,trumph.com,69.172.201.153,,,ns1.uniregistrymarket.link,United States,2001-10-04T00:00:00,2016-09-02T00:00:00,0
Addition,trumpi.com,79.170.93.91,,aspmx.l.google.com,ns1.flexwebhosting.nl,Netherlands,2001-02-16T00:00:00,2017-01-17T00:00:00,0
Addition,trumpj.com,50.63.202.23,,smtp.secureserver.net,ns75.domaincontrol.com,United States,2016-07-13T00:00:00,2016-07-13T00:00:00,0
Addition,trumpk.com,,,,,,,,
Addition,trumpl.com,,,,,,,,
Addition,trumpm.com,184.168.221.47,,smtp.secureserver.net,ns39.domaincontrol.com,United States,2009-10-20T00:00:00,2016-10-26T00:00:00,0
Addition,trumpn.com,,,,,,,,
Addition,trumpo.com,78.129.221.56,,dedicated.trumpo.com,ns.123-reg.co.uk,United Kingdom,2005-09-16T00:00:00,2016-09-09T00:00:00,0
Addition,trumpp.com,64.99.80.121,,mx.netidentity.com.cust.hostedemail.com,ns1.mdnsservice.com,Canada,2000-01-20T00:00:00,2017-01-03T00:00:00,0
Addition,trumpq.com,162.255.119.250,,eforward1.registrar-servers.com,dns1.registrar-servers.com,United States,2016-03-21T00:00:00,2016-07-25T00:00:00,0
Addition,trumpr.com,94.136.40.82,,,ns.hosteurope.com,United Kingdom,2009-01-29T00:00:00,2017-01-22T00:00:00,
Addition,trumps.com,85.17.25.242,,,ns1.smtmdns.com,Netherlands,1996-03-06T00:00:00,2016-10-22T00:00:00,0
Addition,trumpt.com,184.168.221.96,,smtp.secureserver.net,ns01.cashparking.com,United States,2004-04-29T00:00:00,2016-04-30T00:00:00,0
Addition,trumpu.com,,,,,,,,
Addition,trumpv.com,50.63.202.54,,smtp.secureserver.net,ns11.domaincontrol.com,United States,2016-09-16T00:00:00,2016-09-16T00:00:00,0
Addition,trumpw.com,69.172.201.153,,,ns1.uniregistrymarket.link,United States,2016-07-06T00:00:00,2016-08-28T00:00:00,0
Addition,trumpx.com,162.255.119.242,,,dns1.registrar-servers.com,United States,2010-11-09T00:00:00,2016-10-11T00:00:00,0
Addition,trumpy.com,176.74.176.187,,,ns1.uniregistrymarket.link,United Kingdom,1997-03-03T00:00:00,2016-03-28T00:00:00,0
Addition,trumpz.com,184.168.221.96,,smtp.secureserver.net,ns01.cashparking.com,United States,2012-02-10T00:00:00,2016-02-23T00:00:00,0
Bitsquatting,urump.com,141.8.224.93,,,ns7.rookdns.com,Switzerland,2016-10-04T00:00:00,2016-10-04T00:00:00,0
Bitsquatting,vrump.com,66.96.163.163,,aspmx.l.google.com,ns1.yourhostingaccount.com,United States,2007-07-12T00:00:00,2016-06-27T00:00:00,0
Bitsquatting,prump.com,52.54.132.83,,,nst1.namebrightdns.com,United States,2014-01-01T00:00:00,2017-01-15T00:00:00,0
Bitsquatting,drump.com,5.22.149.135,,,ns1.monikerdns.net,Germany,2004-02-01T00:00:00,2016-11-03T00:00:00,0
Bitsquatting,4rump.com,,,,,,,,
Bitsquatting,tsump.com,46.30.211.193,,mxcluster1.one.com,ns01.one.com,Denmark,2016-04-21T00:00:00,2016-04-21T00:00:00,0
Bitsquatting,tpump.com,,,,abtnsdmz1.abbott.dmz,,2004-03-17T00:00:00,2016-02-14T00:00:00,
Bitsquatting,tvump.com,,,,,,,,
Bitsquatting,tzump.com,,,,,,,,
Bitsquatting,tbump.com,,,,,,,,
Bitsquatting,t2ump.com,,,,,,,,
Bitsquatting,trtmp.com,,,,,,,,
Bitsquatting,trwmp.com,109.68.33.18,,mx.emailconfig.com,ns1.domainmonster.com,United Kingdom,2016-06-07T00:00:00,2016-06-07T00:00:00,0
Bitsquatting,trqmp.com,,,,,,,,
Bitsquatting,tremp.com,217.26.52.28,,mx1.mail.hostpoint.ch,ns.hostpoint.ch,Switzerland,1999-10-30T00:00:00,2016-10-31T00:00:00,0
Bitsquatting,tr5mp.com,,,,,,,,
Bitsquatting,trulp.com,162.255.166.199,,trulp.com,ns1.zaw3.com,United States,2014-12-21T00:00:00,2016-11-30T00:00:00,0
Bitsquatting,truop.com,,,,,,,,
Bitsquatting,truip.com,50.19.220.154,,asp.reflexion.net,ns2.no-ip.com,United States,2008-02-04T00:00:00,2016-01-16T00:00:00,
Bitsquatting,truep.com,69.172.201.153,,,ns1.uniregistrymarket.link,United States,2010-03-18T00:00:00,2016-04-14T00:00:00,0
Bitsquatting,tru-p.com,,,,,,,,
Bitsquatting,trumq.com,119.59.124.210,,mail.trumq.com,ns1.phithan-toyota.com,Thailand,2006-01-30T00:00:00,2016-01-19T00:00:00,0
Bitsquatting,trumr.com,192.64.147.176,,,ns1.voodoo.com,United States,2016-04-01T00:00:00,2016-08-21T00:00:00,0
Bitsquatting,trumt.com,66.96.149.32,,mx.trumt.com,ns1.ipage.com,United States,2012-10-13T00:00:00,2016-10-13T00:00:00,0
Bitsquatting,trumx.com,184.168.221.37,,smtp.secureserver.net,ns47.domaincontrol.com,United States,2015-12-23T00:00:00,2017-01-04T00:00:00,0
Bitsquatting,trum0.com,,,,,,,,
Homoglyph,trurrp.com,,,,,,,,
Homoglyph,trunnp.com,184.168.221.45,,smtp.secureserver.net,ns19.domaincontrol.com,United States,2016-06-03T00:00:00,2016-06-03T00:00:00,0
Homoglyph,trunp.com,184.168.221.39,,smtp.secureserver.net,ns15.domaincontrol.com,United States,2004-09-10T00:00:00,2016-09-02T00:00:00,0
Homoglyph,trurnp.com,69.172.201.217,,,ns1.renewyourname.net,United States,2016-01-10T00:00:00,2017-01-14T00:00:00,0
Hyphenation,t-rump.com,50.63.202.44,,smtp.secureserver.net,ns61.domaincontrol.com,United States,2012-03-24T00:00:00,2016-03-23T00:00:00,
Hyphenation,tr-ump.com,,,,,,,,
Hyphenation,tru-mp.com,50.63.202.60,,smtp.secureserver.net,ns03.domaincontrol.com,United States,2016-12-12T00:00:00,2016-12-12T00:00:00,0
Hyphenation,trum-p.com,,,,,,,,
Insertion,trjump.com,,,,,,,,
Insertion,truhmp.com,184.168.221.61,,smtp.secureserver.net,ns43.domaincontrol.com,United States,2015-12-11T00:00:00,2015-12-11T00:00:00,0
Insertion,t5rump.com,,,,,,,,
Insertion,truimp.com,209.15.13.134,,mail.b-io.co,ns1.dnslink.com,United States,2004-12-11T00:00:00,2017-01-06T00:00:00,0
Insertion,trhump.com,,,,,,,,
Insertion,trujmp.com,,,,,,,,
Insertion,tru8mp.com,,,,,,,,
Insertion,triump.com,103.224.182.210,,,ns1.above.com,Australia,2000-05-10T00:00:00,2016-05-14T00:00:00,0
Insertion,truzmp.com,,,,,,,,
Insertion,trumlp.com,,,,,,,,
Insertion,trupmp.com,,,,,,,,
Insertion,trumnp.com,,,,,,,,
Insertion,trzump.com,,,,,,,,
Insertion,ttrump.com,50.63.202.51,,smtp.secureserver.net,ns49.domaincontrol.com,United States,2011-09-27T00:00:00,2016-06-29T00:00:00,
Insertion,tr4ump.com,,,,,,,,
Insertion,trumjp.com,,,,,,,,
Insertion,treump.com,,,,,,,,
Insertion,trunmp.com,89.31.143.20,,,ns1.trunmp.com,Germany,2016-11-14T00:00:00,2016-11-14T00:00:00,0
Insertion,trdump.com,192.186.233.105,,mail.trdump.com,ns69.domaincontrol.com,United States,2016-05-10T00:00:00,2016-05-10T00:00:00,
Insertion,trfump.com,,,,,,,,
Insertion,tryump.com,184.168.221.38,,smtp.secureserver.net,ns05.domaincontrol.com,United States,2015-06-10T00:00:00,2015-07-22T00:00:00,0
Insertion,truymp.com,,,,,,,,
Insertion,tfrump.com,,,,,,,,
Insertion,tdrump.com,127.0.0.1,,mail.tdrump.com,ns1.antagus.de,,2016-11-21T00:00:00,2016-11-21T00:00:00,
Insertion,trumkp.com,,,,,,,,
Insertion,tr5ump.com,,,,,,,,
Insertion,trulmp.com,,,,,,,,
Insertion,tru7mp.com,,,,,,,,
Insertion,t4rump.com,,,,,,,,
Insertion,terump.com,72.52.4.119,,localhost,ns1.sedoparking.com,United States,2016-08-21T00:00:00,2016-08-21T00:00:00,0
Insertion,trtump.com,,,,,,,,
Insertion,tr7ump.com,,,,,,,,
Insertion,tr8ump.com,,,,,,,,
Insertion,trukmp.com,,,,,,,,
Omission,rump.com,184.168.221.104,,,ns1.afternic.com,United States,1997-11-12T00:00:00,2016-10-31T00:00:00,0
Omission,trmp.com,88.208.252.9,,trmp-com.mail.protection.outlook.com,ns1.livedns.co.uk,United Kingdom,2002-02-11T00:00:00,2017-01-24T00:00:00,0
Omission,trum.com,209.237.150.20,,mx.myregisteredsite.com,dns1.registeredsite.com,United States,1998-04-09T00:00:00,2015-08-21T00:00:00,0
Omission,tump.com,74.207.242.43,,mail.tump.com,ns1.linode.com,United States,1997-03-19T00:00:00,2017-01-26T00:00:00,0
Omission,trup.com,69.172.201.153,,,ns1.uniregistrymarket.link,United States,2000-02-23T00:00:00,2017-01-26T00:00:00,0
Repetition,trrump.com,216.239.32.21,,aspmx.l.google.com,ns41.domaincontrol.com,United States,2011-06-04T00:00:00,2016-12-13T00:00:00,0
Repetition,truump.com,50.63.202.37,,smtp.secureserver.net,ns37.domaincontrol.com,United States,2008-05-14T00:00:00,2016-05-12T00:00:00,0
Repetition,trummp.com,184.168.221.42,,smtp.secureserver.net,ns01.domaincontrol.com,United States,2006-10-12T00:00:00,2016-11-23T00:00:00,0
Replacement,trzmp.com,,,,,,,,
Replacement,teump.com,185.53.178.6,,,ns1.parkingcrew.net,Germany,2015-09-04T00:00:00,2016-09-20T00:00:00,0
Replacement,grump.com,,,mta1.bizmailsrvcs.net,ns1.verizon.net,,1991-09-30T00:00:00,2016-07-31T00:00:00,
Replacement,6rump.com,,,,,,,,
Replacement,truml.com,176.31.161.82,,mail.truml.com,ns1.muszer.net,France,2010-03-20T00:00:00,2016-01-06T00:00:00,0
Replacement,trumm.com,64.99.80.121,,mx.netidentity.com.cust.hostedemail.com,ns1.mdnsservice.com,Canada,2000-01-20T00:00:00,2017-01-03T00:00:00,0
Replacement,tr8mp.com,,,,,,,,
Replacement,trumo.com,216.157.88.25,,,ns1.smtmdns.com,United States,1996-05-23T00:00:00,2016-11-30T00:00:00,0
Replacement,zrump.com,97.74.42.79,,smtp.secureserver.net,ns17.domaincontrol.com,United States,2012-10-31T00:00:00,2012-10-31T00:00:00,0
Replacement,yrump.com,72.52.4.120,,localhost,ns1.sedoparking.com,United States,2015-08-17T00:00:00,2016-11-04T00:00:00,0
Replacement,trymp.com,141.8.225.67,,,sk.s5.cm.ns1.88.ztomy.com,Switzerland,2011-09-28T00:00:00,2016-10-06T00:00:00,0
Replacement,t4ump.com,,,,,,,,
Replacement,trujp.com,,,,,,,,
Replacement,tr7mp.com,,,,,,,,
Replacement,tfump.com,,,,,,,,
Replacement,5rump.com,,,,,,,,
Replacement,rrump.com,72.52.4.119,,localhost,ns1.sedoparking.com,United States,2015-08-17T00:00:00,2016-11-04T00:00:00,0
Replacement,trjmp.com,,,,,,,,
Replacement,trhmp.com,,,,,,,,
Replacement,tdump.com,217.160.122.224,,tdump.com,ns17.schlund.de,Germany,2004-02-28T00:00:00,2016-02-29T00:00:00,
Replacement,t5ump.com,,,,,,,,
Replacement,frump.com,63.247.142.242,,frump.com,ns.hmdnsgroup.com,United States,1998-12-11T00:00:00,2016-11-16T00:00:00,
Replacement,ttump.com,107.180.60.78,,mail.ttump.com,ns01.domaincontrol.com,United States,2016-11-18T00:00:00,2016-11-18T00:00:00,0
Replacement,trupp.com,184.168.221.29,,smtp.secureserver.net,ns57.domaincontrol.com,United States,1998-10-03T00:00:00,2016-11-15T00:00:00,0
Replacement,trukp.com,,,,,,,,
Replacement,trimp.com,176.74.176.187,,,ns1.uniregistrymarket.link,United Kingdom,2005-07-29T00:00:00,2016-08-16T00:00:00,0
Subdomain,t.rump.com,184.168.221.104,,,ns1.afternic.com,United States,1997-11-12T00:00:00,2016-10-31T00:00:00,0
Subdomain,tr.ump.com,,,,,,,,
Subdomain,tru.mp.com,,,,,,,,
Subdomain,trum.p.com,,,,,,,,
Transposition,rtump.com,,,,,,,,
Transposition,turmp.com,,,,,,,,
Transposition,trmup.com,184.168.221.104,,,ns1.afternic.com,United States,2016-05-09T00:00:00,2016-05-12T00:00:00,0
Transposition,trupm.com,69.172.201.153,,,ns1.uniregistrymarket.link,United States,2005-02-21T00:00:00,2016-02-02T00:00:00,0
Various,wwtrump.com,,,,,,,,
Various,wwwtrump.com,185.53.179.8,,,ns1.parkingcrew.net,Germany,2015-08-17T00:00:00,2016-10-25T00:00:00,0
Various,www-trump.com,50.63.202.60,,smtp.secureserver.net,ns21.domaincontrol.com,United States,2015-09-27T00:00:00,2016-09-27T00:00:00,0
Various,trumpcom.com,184.168.221.38,,smtp.secureserver.net,ns73.domaincontrol.com,United States,2015-11-27T00:00:00,2015-11-27T00:00:00,
Dictionary,trump-auth.com,,,,,,,,
Dictionary,trumpauth.com,,,,,,,,
Dictionary,auth-trump.com,,,,,,,,
Dictionary,authtrump.com,,,,,,,,
Dictionary,trump-download.com,,,,,,,,
Dictionary,trumpdownload.com,,,,,,,,
Dictionary,download-trump.com,,,,,,,,
Dictionary,downloadtrump.com,50.63.202.42,,smtp.secureserver.net,ns07.domaincontrol.com,United States,2008-01-14T00:00:00,2016-06-29T00:00:00,0
Dictionary,trump-install.com,,,,,,,,
Dictionary,trumpinstall.com,,,,,,,,
Dictionary,install-trump.com,,,,,,,,
Dictionary,installtrump.com,,,,,,,,
Dictionary,trump-login.com,,,,,,,,
Dictionary,trumplogin.com,,,,,,,,
Dictionary,login-trump.com,,,,,,,,
Dictionary,logintrump.com,,,,,,,,
Dictionary,trump-online.com,184.168.221.60,,smtp.secureserver.net,ns09.domaincontrol.com,United States,2016-01-08T00:00:00,2016-11-23T00:00:00,0
Dictionary,trumponline.com,50.63.202.28,,smtp.secureserver.net,ns45.domaincontrol.com,United States,1999-03-02T00:00:00,2016-06-29T00:00:00,99
Dictionary,online-trump.com,,,,,,,,
Dictionary,onlinetrump.com,50.63.202.52,,smtp.secureserver.net,ns57.domaincontrol.com,United States,2016-11-09T00:00:00,2016-11-09T00:00:00,0
Dictionary,trump-register.com,,,,,,,,
Dictionary,trumpregister.com,,,,,,,,
Dictionary,register-trump.com,,,,,,,,
Dictionary,registertrump.com,184.168.221.7,,smtp.secureserver.net,ns67.domaincontrol.com,United States,2016-08-31T00:00:00,2016-09-01T00:00:00,0
Dictionary,trump-ssl.com,,,,,,,,
Dictionary,trumpssl.com,,,,,,,,
Dictionary,ssl-trump.com,,,,,,,,
Dictionary,ssltrump.com,,,,,,,,
Dictionary,trump-secure.com,,,,,,,,
Dictionary,trumpsecure.com,184.168.221.96,,smtp.secureserver.net,ns01.cashparking.com,United States,2015-12-09T00:00:00,2016-12-10T00:00:00,0
Dictionary,secure-trump.com,,,,,,,,
Dictionary,securetrump.com,,,,,,,,
Dictionary,trump-security.com,,,,,,,,
Dictionary,trumpsecurity.com,50.63.202.52,,smtp.secureserver.net,ns21.domaincontrol.com,United States,2012-10-01T00:00:00,2016-10-02T00:00:00,
Dictionary,security-trump.com,,,,,,,,
Dictionary,securitytrump.com,,,,,,,,
Dictionary,trump-support.com,,,,,,,,
Dictionary,trumpsupport.com,143.95.231.7,,trumpsupport.com,dns.site5.com,United States,2007-02-05T00:00:00,2016-02-16T00:00:00,0
Dictionary,support-trump.com,50.62.121.1,,smtp.secureserver.net,ns21.domaincontrol.com,United States,2015-09-29T00:00:00,2016-09-29T00:00:00,0
Dictionary,supporttrump.com,184.168.221.50,,smtp.secureserver.net,ns71.domaincontrol.com,United States,2015-07-13T00:00:00,2016-07-13T00:00:00,0
Dictionary,trump-update.com,,,,,,,,
Dictionary,trumpupdate.com,50.63.202.62,,smtp.secureserver.net,ns15.domaincontrol.com,United States,2012-01-24T00:00:00,2016-06-29T00:00:00,0
Dictionary,update-trump.com,,,,,,,,
Dictionary,updatetrump.com,,,,,,,,
Dictionary,trump-verify.com,,,,,,,,
Dictionary,trumpverify.com,,,,,,,,
Dictionary,verify-trump.com,,,,,,,,
Dictionary,verifytrump.com,,,,,,,,
Dictionary,trump-verification.com,,,,,,,,
Dictionary,trumpverification.com,,,,,,,,
Dictionary,verification-trump.com,,,,,,,,
Dictionary,verificationtrump.com,,,,,,,,
Dictionary,trump-services.com,,,,,,,,
Dictionary,trumpservices.com,66.175.58.9,,mx05-1.sherwebcloud.com,dns1.earthlink.net,United States,1999-05-05T00:00:00,2016-06-15T00:00:00,0
Dictionary,services-trump.com,,,,,,,,
Dictionary,servicestrump.com,,,,,,,,
Dictionary,trump-www.com,,,,,,,,
Dictionary,trumpwww.com,184.168.221.36,,smtp.secureserver.net,ns65.domaincontrol.com,United States,2015-12-28T00:00:00,2016-12-13T00:00:00,0
Dictionary,www-trump.com,50.63.202.60,,smtp.secureserver.net,ns21.domaincontrol.com,United States,2015-09-27T00:00:00,2016-09-27T00:00:00,0
Dictionary,wwwtrump.com,185.53.179.8,,,ns1.parkingcrew.net,Germany,2015-08-17T00:00:00,2016-10-25T00:00:00,0
Dictionary,trump-google.com,184.168.221.33,,smtp.secureserver.net,ns57.domaincontrol.com,United States,2016-11-10T00:00:00,2016-11-10T00:00:00,0
Dictionary,trumpgoogle.com,162.255.119.250,,eforward1.registrar-servers.com,dns1.registrar-servers.com,United States,2016-05-18T00:00:00,2016-07-25T00:00:00,
Dictionary,google-trump.com,50.63.202.60,,smtp.secureserver.net,ns57.domaincontrol.com,United States,2016-11-10T00:00:00,2016-11-10T00:00:00,
Dictionary,googletrump.com,50.63.202.36,,smtp.secureserver.net,ns07.domaincontrol.com,United States,2012-03-01T00:00:00,2017-01-04T00:00:00,
Dictionary,trump-oAfghanistan.com,,,,,,,,
Dictionary,trumpoAfghanistan.com,,,,,,,,
Dictionary,oAfghanistan-trump.com,,,,,,,,
Dictionary,oAfghanistantrump.com,,,,,,,,
Dictionary,trump-Albania.com,,,,,,,,
Dictionary,trumpAlbania.com,184.168.221.32,,smtp.secureserver.net,ns15.domaincontrol.com,United States,2012-01-19T00:00:00,2016-06-29T00:00:00,0
Dictionary,Albania-trump.com,,,,,,,,
Dictionary,Albaniatrump.com,,,,,,,,
Dictionary,trump-Algeria.com,,,,,,,,
Dictionary,trumpAlgeria.com,,,,,,,,
Dictionary,Algeria-trump.com,,,,,,,,
Dictionary,Algeriatrump.com,,,,,,,,
Dictionary,trump-Andorra.com,,,,,,,,
Dictionary,trumpAndorra.com,,,,,,,,
Dictionary,Andorra-trump.com,,,,,,,,
Dictionary,Andorratrump.com,,,,,,,,
Dictionary,trump-Angola.com,,,,,,,,
Dictionary,trumpAngola.com,,,,,,,,
Dictionary,Angola-trump.com,,,,,,,,
Dictionary,Angolatrump.com,,,,,,,,
Dictionary,trump-Argentina.com,,,,,,,,
Dictionary,trumpArgentina.com,184.168.221.50,,smtp.secureserver.net,ns49.domaincontrol.com,United States,2008-07-17T00:00:00,2016-06-29T00:00:00,
Dictionary,Argentina-trump.com,,,,,,,,
Dictionary,Argentinatrump.com,,,,,,,,
Dictionary,trump-Armenia.com,,,,,,,,
Dictionary,trumpArmenia.com,,,,,,,,
Dictionary,Armenia-trump.com,,,,,,,,
Dictionary,Armeniatrump.com,,,,,,,,
Dictionary,trump-Australia.com,,,,,,,,
Dictionary,trumpAustralia.com,184.168.221.61,,smtp.secureserver.net,ns53.domaincontrol.com,United States,2007-10-25T00:00:00,2016-06-29T00:00:00,0
Dictionary,Australia-trump.com,,,,,,,,
Dictionary,Australiatrump.com,,,,,,,,
Dictionary,trump-Austria.com,,,,,,,,
Dictionary,trumpAustria.com,184.168.221.63,,smtp.secureserver.net,ns49.domaincontrol.com,United States,2008-07-17T00:00:00,2016-06-29T00:00:00,0
Dictionary,Austria-trump.com,,,,,,,,
Dictionary,Austriatrump.com,,,,,,,,
Dictionary,trump-Azerbaijan.com,,,,,,,,
Dictionary,trumpAzerbaijan.com,50.63.202.45,,smtp.secureserver.net,ns49.domaincontrol.com,United States,2011-09-27T00:00:00,2016-06-29T00:00:00,0
Dictionary,Azerbaijan-trump.com,,,,,,,,
Dictionary,Azerbaijantrump.com,,,,,,,,
Dictionary,trump-Bahamas.com,,,,,,,,
Dictionary,trumpBahamas.com,,,,,,,,
Dictionary,Bahamas-trump.com,,,,,,,,
Dictionary,Bahamastrump.com,,,,,,,,
Dictionary,trump-Bahrain.com,,,,,,,,
Dictionary,trumpBahrain.com,50.63.202.36,,smtp.secureserver.net,ns35.domaincontrol.com,United States,2009-05-26T00:00:00,2016-06-29T00:00:00,
Dictionary,Bahrain-trump.com,,,,,,,,
Dictionary,Bahraintrump.com,,,,,,,,
Dictionary,trump-Bangladesh.com,,,,,,,,
Dictionary,trumpBangladesh.com,,,,,,,,
Dictionary,Bangladesh-trump.com,,,,,,,,
Dictionary,Bangladeshtrump.com,,,,,,,,
Dictionary,trump-Barbados.com,,,,,,,,
Dictionary,trumpBarbados.com,74.208.236.74,,mx00.1and1.com,ns57.1and1.com,United States,2008-08-06T00:00:00,2016-08-07T00:00:00,
Dictionary,Barbados-trump.com,,,,,,,,
Dictionary,Barbadostrump.com,,,,,,,,
Dictionary,trump-Belarus.com,,,,,,,,
Dictionary,trumpBelarus.com,,,,,,,,
Dictionary,Belarus-trump.com,,,,,,,,
Dictionary,Belarustrump.com,,,,,,,,
Dictionary,trump-Belgium.com,,,,,,,,
Dictionary,trumpBelgium.com,50.63.202.46,,smtp.secureserver.net,ns49.domaincontrol.com,United States,2008-07-17T00:00:00,2016-06-29T00:00:00,0
Dictionary,Belgium-trump.com,,,,,,,,
Dictionary,Belgiumtrump.com,,,,,,,,
Dictionary,trump-Belize.com,,,,,,,,
Dictionary,trumpBelize.com,184.168.221.49,,smtp.secureserver.net,ns49.domaincontrol.com,United States,2008-07-17T00:00:00,2016-06-29T00:00:00,0
Dictionary,Belize-trump.com,,,,,,,,
Dictionary,Belizetrump.com,,,,,,,,
Dictionary,trump-Benin.com,,,,,,,,
Dictionary,trumpBenin.com,,,,,,,,
Dictionary,Benin-trump.com,,,,,,,,
Dictionary,Benintrump.com,,,,,,,,
Dictionary,trump-Bhutan.com,,,,,,,,
Dictionary,trumpBhutan.com,,,,,,,,
Dictionary,Bhutan-trump.com,,,,,,,,
Dictionary,Bhutantrump.com,,,,,,,,
Dictionary,trump-Bolivia.com,,,,,,,,
Dictionary,trumpBolivia.com,,,,,,,,
Dictionary,Bolivia-trump.com,,,,,,,,
Dictionary,Boliviatrump.com,,,,,,,,
Dictionary,trump-Bosnia.com,,,,,,,,
Dictionary,trumpBosnia.com,,,,,,,,
Dictionary,Bosnia-trump.com,,,,,,,,
Dictionary,Bosniatrump.com,,,,,,,,
Dictionary,trump-Botswana.com,,,,,,,,
Dictionary,trumpBotswana.com,,,,,,,,
Dictionary,Botswana-trump.com,,,,,,,,
Dictionary,Botswanatrump.com,,,,,,,,
Dictionary,trump-Brazil.com,,,,,,,,
Dictionary,trumpBrazil.com,184.168.221.41,,smtp.secureserver.net,ns49.domaincontrol.com,United States,2008-07-17T00:00:00,2016-06-29T00:00:00,0
Dictionary,Brazil-trump.com,,,,,,,,
Dictionary,Braziltrump.com,184.168.221.61,,smtp.secureserver.net,ns39.domaincontrol.com,United States,2012-12-17T00:00:00,2016-06-29T00:00:00,0
Dictionary,trump-Brunei.com,,,,,,,,
Dictionary,trumpBrunei.com,,,,,,,,
Dictionary,Brunei-trump.com,,,,,,,,
Dictionary,Bruneitrump.com,,,,,,,,
Dictionary,trump-Bulgaria.com,,,,,,,,
Dictionary,trumpBulgaria.com,184.168.221.57,,smtp.secureserver.net,ns49.domaincontrol.com,United States,2008-07-17T00:00:00,2016-06-29T00:00:00,0
Dictionary,Bulgaria-trump.com,,,,,,,,
Dictionary,Bulgariatrump.com,,,,,,,,
Dictionary,trump-Burkina.com,,,,,,,,
Dictionary,trumpBurkina.com,,,,,,,,
Dictionary,Burkina-trump.com,,,,,,,,
Dictionary,Burkinatrump.com,,,,,,,,
Dictionary,trump-Burundi.com,,,,,,,,
Dictionary,trumpBurundi.com,,,,,,,,
Dictionary,Burundi-trump.com,,,,,,,,
Dictionary,Burunditrump.com,,,,,,,,
Dictionary,trump-Cambodia.com,,,,,,,,
Dictionary,trumpCambodia.com,,,,,,,,
Dictionary,Cambodia-trump.com,,,,,,,,
Dictionary,Cambodiatrump.com,,,,,,,,
Dictionary,trump-Cameroon.com,,,,,,,,
Dictionary,trumpCameroon.com,,,,,,,,
Dictionary,Cameroon-trump.com,,,,,,,,
Dictionary,Cameroontrump.com,,,,,,,,
Dictionary,trump-Canada.com,,,,,,,,
Dictionary,trumpCanada.com,50.63.202.52,,smtp.secureserver.net,ns19.domaincontrol.com,United States,2016-12-05T00:00:00,2016-12-05T00:00:00,
Dictionary,Canada-trump.com,,,,,,,,
Dictionary,Canadatrump.com,184.168.221.44,,smtp.secureserver.net,ns25.domaincontrol.com,United States,2008-08-27T00:00:00,2016-06-29T00:00:00,0
Dictionary,trump-Chad.com,,,,,,,,
Dictionary,trumpChad.com,,,,,,,,
Dictionary,Chad-trump.com,,,,,,,,
Dictionary,Chadtrump.com,,,,,,,,
Dictionary,trump-Chile.com,,,,,,,,
Dictionary,trumpChile.com,184.168.221.38,,smtp.secureserver.net,ns49.domaincontrol.com,United States,2008-07-17T00:00:00,2016-06-29T00:00:00,
Dictionary,Chile-trump.com,,,,,,,,
Dictionary,Chiletrump.com,,,,,,,,
Dictionary,trump-China.com,,,mxn.mxhichina.com,ns17.xincache.com,,2012-03-21T00:00:00,2016-07-18T00:00:00,
Dictionary,trumpChina.com,122.144.135.198,,,dns.bizcn.com,China,2014-04-09T00:00:00,2016-09-30T00:00:00,
Dictionary,China-trump.com,,,,dns9.hichina.com,,2016-11-15T00:00:00,2016-11-16T00:00:00,
Dictionary,Chinatrump.com,120.27.28.134,,,dns9.hichina.com,China,2015-02-09T00:00:00,2017-01-19T00:00:00,0
Dictionary,trump-Colombia.com,,,,,,,,
Dictionary,trumpColombia.com,68.178.254.130,,smtp.secureserver.net,ns19.domaincontrol.com,United States,2007-12-12T00:00:00,2016-12-13T00:00:00,0
Dictionary,Colombia-trump.com,,,,,,,,
Dictionary,Colombiatrump.com,,,,,,,,
Dictionary,trump-Comoros.com,,,,,,,,
Dictionary,trumpComoros.com,,,,,,,,
Dictionary,Comoros-trump.com,,,,,,,,
Dictionary,Comorostrump.com,,,,,,,,
Dictionary,trump-Congo.com,,,,,,,,
Dictionary,trumpCongo.com,,,,,,,,
Dictionary,Congo-trump.com,,,,,,,,
Dictionary,Congotrump.com,,,,,,,,
Dictionary,trump-Croatia.com,,,,,,,,
Dictionary,trumpCroatia.com,50.63.202.41,,smtp.secureserver.net,ns49.domaincontrol.com,United States,2008-07-17T00:00:00,2016-06-29T00:00:00,0
Dictionary,Croatia-trump.com,,,,,,,,
Dictionary,Croatiatrump.com,,,,,,,,
Dictionary,trump-Cuba.com,,,,,,,,
Dictionary,trumpCuba.com,,,,,,,,
Dictionary,Cuba-trump.com,,,,,,,,
Dictionary,Cubatrump.com,184.168.221.41,,smtp.secureserver.net,ns35.domaincontrol.com,United States,2016-08-08T00:00:00,2016-08-08T00:00:00,0
Dictionary,trump-Cyprus.com,,,,,,,,
Dictionary,trumpCyprus.com,,,,,,,,
Dictionary,Cyprus-trump.com,,,,,,,,
Dictionary,Cyprustrump.com,,,,,,,,
Dictionary,trump-Denmark.com,,,,,,,,
Dictionary,trumpDenmark.com,184.168.221.41,,smtp.secureserver.net,ns49.domaincontrol.com,United States,2008-07-17T00:00:00,2016-06-29T00:00:00,
Dictionary,Denmark-trump.com,,,,,,,,
Dictionary,Denmarktrump.com,,,,,,,,
Dictionary,trump-Ecuador.com,,,,,,,,
Dictionary,trumpEcuador.com,,,,,,,,
Dictionary,Ecuador-trump.com,,,,,,,,
Dictionary,Ecuadortrump.com,,,,,,,,
Dictionary,trump-Egypt.com,,,,,,,,
Dictionary,trumpEgypt.com,184.168.221.49,,smtp.secureserver.net,ns09.domaincontrol.com,United States,2008-06-16T00:00:00,2016-06-29T00:00:00,0
Dictionary,Egypt-trump.com,,,,,,,,
Dictionary,Egypttrump.com,,,,,,,,
Dictionary,trump-Eritrea.com,,,,,,,,
Dictionary,trumpEritrea.com,,,,,,,,
Dictionary,Eritrea-trump.com,,,,,,,,
Dictionary,Eritreatrump.com,,,,,,,,
Dictionary,trump-Estonia.com,,,,,,,,
Dictionary,trumpEstonia.com,50.63.202.38,,smtp.secureserver.net,ns49.domaincontrol.com,United States,2008-07-17T00:00:00,2016-06-29T00:00:00,0
Dictionary,Estonia-trump.com,,,,,,,,
Dictionary,Estoniatrump.com,,,,,,,,
Dictionary,trump-Ethiopia.com,,,,,,,,
Dictionary,trumpEthiopia.com,,,,,,,,
Dictionary,Ethiopia-trump.com,,,,,,,,
Dictionary,Ethiopiatrump.com,,,,,,,,
Dictionary,trump-Fiji.com,,,,,,,,
Dictionary,trumpFiji.com,50.63.202.50,,smtp.secureserver.net,ns49.domaincontrol.com,United States,2008-07-17T00:00:00,2016-06-29T00:00:00,0
Dictionary,Fiji-trump.com,,,,,,,,
Dictionary,Fijitrump.com,,,,,,,,
Dictionary,trump-Finland.com,,,,,,,,
Dictionary,trumpFinland.com,184.168.221.32,,smtp.secureserver.net,ns49.domaincontrol.com,United States,2008-07-17T00:00:00,2016-06-29T00:00:00,0
Dictionary,Finland-trump.com,,,,,,,,
Dictionary,Finlandtrump.com,,,,,,,,
Dictionary,trump-France.com,,,,,,,,
Dictionary,trumpFrance.com,185.2.4.77,,mail-fr.securemail.pro,ns1.amenworld.com,Italy,,,0
Dictionary,France-trump.com,,,,,,,,
Dictionary,Francetrump.com,,,,,,,,
Dictionary,trump-Gabon.com,,,,,,,,
Dictionary,trumpGabon.com,,,,,,,,
Dictionary,Gabon-trump.com,,,,,,,,
Dictionary,Gabontrump.com,,,,,,,,
Dictionary,trump-Gambia.com,,,,,,,,
Dictionary,trumpGambia.com,,,,,,,,
Dictionary,Gambia-trump.com,,,,,,,,
Dictionary,Gambiatrump.com,,,,,,,,
Dictionary,trump-Georgia.com,,,,,,,,
Dictionary,trumpGeorgia.com,50.63.202.52,,smtp.secureserver.net,ns65.domaincontrol.com,United States,2015-12-30T00:00:00,2017-01-10T00:00:00,
Dictionary,Georgia-trump.com,,,,,,,,
Dictionary,Georgiatrump.com,,,,,,,,
Dictionary,trump-Germany.com,,,,,,,,
Dictionary,trumpGermany.com,184.168.221.43,,smtp.secureserver.net,ns49.domaincontrol.com,United States,2008-07-17T00:00:00,2016-06-29T00:00:00,0
Dictionary,Germany-trump.com,,,,,,,,
Dictionary,Germanytrump.com,,,,,,,,
Dictionary,trump-Ghana.com,,,,,,,,
Dictionary,trumpGhana.com,,,,,,,,
Dictionary,Ghana-trump.com,,,,,,,,
Dictionary,Ghanatrump.com,,,,,,,,
Dictionary,trump-Greece.com,,,,,,,,
Dictionary,trumpGreece.com,184.168.221.52,,smtp.secureserver.net,ns35.domaincontrol.com,United States,2009-05-26T00:00:00,2016-06-29T00:00:00,0
Dictionary,Greece-trump.com,,,,,,,,
Dictionary,Greecetrump.com,,,,,,,,
Dictionary,trump-Grenada.com,,,,,,,,
Dictionary,trumpGrenada.com,,,,,,,,
Dictionary,Grenada-trump.com,,,,,,,,
Dictionary,Grenadatrump.com,,,,,,,,
Dictionary,trump-Guatemala.com,,,,,,,,
Dictionary,trumpGuatemala.com,,,,,,,,
Dictionary,Guatemala-trump.com,,,,,,,,
Dictionary,Guatemalatrump.com,,,,,,,,
Dictionary,trump-Guinea.com,,,,,,,,
Dictionary,trumpGuinea.com,,,,,,,,
Dictionary,Guinea-trump.com,,,,,,,,
Dictionary,Guineatrump.com,,,,,,,,
Dictionary,trump-Guyana.com,,,,,,,,
Dictionary,trumpGuyana.com,,,,,,,,
Dictionary,Guyana-trump.com,,,,,,,,
Dictionary,Guyanatrump.com,,,,,,,,
Dictionary,trump-Haiti.com,,,,,,,,
Dictionary,trumpHaiti.com,,,,,,,,
Dictionary,Haiti-trump.com,,,,,,,,
Dictionary,Haititrump.com,,,,,,,,
Dictionary,trump-Honduras.com,,,,,,,,
Dictionary,trumpHonduras.com,,,,,,,,
Dictionary,Honduras-trump.com,,,,,,,,
Dictionary,Hondurastrump.com,,,,,,,,
Dictionary,trump-Hungary.com,,,,,,,,
Dictionary,trumpHungary.com,,,,,,,,
Dictionary,Hungary-trump.com,,,,,,,,
Dictionary,Hungarytrump.com,,,,,,,,
Dictionary,trump-Iceland.com,,,,,,,,
Dictionary,trumpIceland.com,,,,,,,,
Dictionary,Iceland-trump.com,,,,,,,,
Dictionary,Icelandtrump.com,,,,,,,,
Dictionary,trump-India.com,,,,,,,,
Dictionary,trumpIndia.com,184.168.221.17,,smtp.secureserver.net,ns63.domaincontrol.com,United States,2007-09-20T00:00:00,2016-09-28T00:00:00,72
Dictionary,India-trump.com,,,,,,,,
Dictionary,Indiatrump.com,50.63.202.42,,smtp.secureserver.net,ns57.domaincontrol.com,United States,2016-11-13T00:00:00,2016-11-13T00:00:00,0
Dictionary,trump-Indonesia.com,,,,,,,,
Dictionary,trumpIndonesia.com,50.63.202.56,,smtp.secureserver.net,ns49.domaincontrol.com,United States,2008-07-17T00:00:00,2016-06-29T00:00:00,0
Dictionary,Indonesia-trump.com,,,,,,,,
Dictionary,Indonesiatrump.com,,,,,,,,
Dictionary,trump-Iran.com,,,,,,,,
Dictionary,trumpIran.com,184.168.221.53,,smtp.secureserver.net,ns57.domaincontrol.com,United States,2016-11-09T00:00:00,2016-11-09T00:00:00,0
Dictionary,Iran-trump.com,184.168.221.37,,smtp.secureserver.net,ns17.domaincontrol.com,United States,2016-12-01T00:00:00,2016-12-01T00:00:00,
Dictionary,Irantrump.com,50.63.202.56,,smtp.secureserver.net,ns57.domaincontrol.com,United States,2016-11-09T00:00:00,2016-11-09T00:00:00,
Dictionary,trump-Iraq.com,,,,,,,,
Dictionary,trumpIraq.com,184.168.221.50,,smtp.secureserver.net,ns33.domaincontrol.com,United States,2016-09-27T00:00:00,2016-09-27T00:00:00,
Dictionary,Iraq-trump.com,,,,,,,,
Dictionary,Iraqtrump.com,,,,,,,,
Dictionary,trump-Israel.com,,,,,,,,
Dictionary,trumpIsrael.com,,,,,,,,
Dictionary,Israel-trump.com,,,,,,,,
Dictionary,Israeltrump.com,72.52.4.121,,localhost,ns1.sedoparking.com,United States,2016-11-13T00:00:00,2016-11-14T00:00:00,0
Dictionary,trump-Italy.com,,,,,,,,
Dictionary,trumpItaly.com,50.63.202.44,,smtp.secureserver.net,ns49.domaincontrol.com,United States,2008-07-17T00:00:00,2016-06-29T00:00:00,0
Dictionary,Italy-trump.com,,,,,,,,
Dictionary,Italytrump.com,,,,,,,,
Dictionary,trump-Jamaica.com,,,,,,,,
Dictionary,trumpJamaica.com,50.63.202.49,,smtp.secureserver.net,ns49.domaincontrol.com,United States,2008-07-17T00:00:00,2016-06-29T00:00:00,0
Dictionary,Jamaica-trump.com,,,,,,,,
Dictionary,Jamaicatrump.com,,,,,,,,
Dictionary,trump-Japan.com,,,,,,,,
Dictionary,trumpJapan.com,184.168.221.44,,smtp.secureserver.net,ns53.domaincontrol.com,United States,2007-10-25T00:00:00,2016-06-29T00:00:00,0
Dictionary,Japan-trump.com,74.220.219.68,,japan-trump.com,ns1.bluehost.com,United States,2010-10-07T00:00:00,2016-10-07T00:00:00,0
Dictionary,Japantrump.com,,,,,,,,
Dictionary,trump-Jordan.com,,,,,,,,
Dictionary,trumpJordan.com,50.63.202.36,,smtp.secureserver.net,ns49.domaincontrol.com,United States,2008-07-17T00:00:00,2016-06-29T00:00:00,
Dictionary,Jordan-trump.com,,,,,,,,
Dictionary,Jordantrump.com,,,gmr-smtp-in.l.google.com,ns-cloud-b1.googledomains.com,,2015-10-23T00:00:00,2016-10-23T00:00:00,
Dictionary,trump-Kazakhstan.com,,,,,,,,
Dictionary,trumpKazakhstan.com,,,,,,,,
Dictionary,Kazakhstan-trump.com,,,,,,,,
Dictionary,Kazakhstantrump.com,,,,,,,,
Dictionary,trump-Kenya.com,,,,,,,,
Dictionary,trumpKenya.com,,,,,,,,
Dictionary,Kenya-trump.com,,,,,,,,
Dictionary,Kenyatrump.com,,,,,,,,
Dictionary,trump-Kiribati.com,,,,,,,,
Dictionary,trumpKiribati.com,,,,,,,,
Dictionary,Kiribati-trump.com,,,,,,,,
Dictionary,Kiribatitrump.com,,,,,,,,
Dictionary,trump-Kosovo.com,,,,,,,,
Dictionary,trumpKosovo.com,,,,,,,,
Dictionary,Kosovo-trump.com,,,,,,,,
Dictionary,Kosovotrump.com,,,,,,,,
Dictionary,trump-Kuwait.com,,,,,,,,
Dictionary,trumpKuwait.com,,,,,,,,
Dictionary,Kuwait-trump.com,,,,,,,,
Dictionary,Kuwaittrump.com,,,,,,,,
Dictionary,trump-Kyrgyzstan.com,,,,,,,,
Dictionary,trumpKyrgyzstan.com,,,,,,,,
Dictionary,Kyrgyzstan-trump.com,,,,,,,,
Dictionary,Kyrgyzstantrump.com,,,,,,,,
Dictionary,trump-Laos.com,,,,,,,,
Dictionary,trumpLaos.com,,,,,,,,
Dictionary,Laos-trump.com,,,,,,,,
Dictionary,Laostrump.com,,,,,,,,
Dictionary,trump-Latvia.com,,,,,,,,
Dictionary,trumpLatvia.com,184.168.221.36,,smtp.secureserver.net,ns49.domaincontrol.com,United States,2008-07-17T00:00:00,2016-06-29T00:00:00,0
Dictionary,Latvia-trump.com,,,,,,,,
Dictionary,Latviatrump.com,,,,,,,,
Dictionary,trump-Lebanon.com,,,,,,,,
Dictionary,trumpLebanon.com,,,,,,,,
Dictionary,Lebanon-trump.com,,,,,,,,
Dictionary,Lebanontrump.com,,,,,,,,
Dictionary,trump-Lesotho.com,,,,,,,,
Dictionary,trumpLesotho.com,,,,,,,,
Dictionary,Lesotho-trump.com,,,,,,,,
Dictionary,Lesothotrump.com,,,,,,,,
Dictionary,trump-Liberia.com,,,,,,,,
Dictionary,trumpLiberia.com,,,,,,,,
Dictionary,Liberia-trump.com,,,,,,,,
Dictionary,Liberiatrump.com,,,,,,,,
Dictionary,trump-Libya.com,,,,,,,,
Dictionary,trumpLibya.com,,,,,,,,
Dictionary,Libya-trump.com,,,,,,,,
Dictionary,Libyatrump.com,,,,,,,,
Dictionary,trump-Liechtenstein.com,,,,,,,,
Dictionary,trumpLiechtenstein.com,,,,,,,,
Dictionary,Liechtenstein-trump.com,,,,,,,,
Dictionary,Liechtensteintrump.com,,,,,,,,
Dictionary,trump-Lithuania.com,,,,,,,,
Dictionary,trumpLithuania.com,,,,,,,,
Dictionary,Lithuania-trump.com,,,,,,,,
Dictionary,Lithuaniatrump.com,,,,,,,,
Dictionary,trump-Luxembourg.com,,,,,,,,
Dictionary,trumpLuxembourg.com,,,,,,,,
Dictionary,Luxembourg-trump.com,,,,,,,,
Dictionary,Luxembourgtrump.com,,,,,,,,
Dictionary,trump-Macedonia.com,,,,,,,,
Dictionary,trumpMacedonia.com,,,,,,,,
Dictionary,Macedonia-trump.com,,,,,,,,
Dictionary,Macedoniatrump.com,,,,,,,,
Dictionary,trump-Madagascar.com,,,,,,,,
Dictionary,trumpMadagascar.com,,,,,,,,
Dictionary,Madagascar-trump.com,,,,,,,,
Dictionary,Madagascartrump.com,,,,,,,,
Dictionary,trump-Malawi.com,,,,,,,,
Dictionary,trumpMalawi.com,,,,,,,,
Dictionary,Malawi-trump.com,,,,,,,,
Dictionary,Malawitrump.com,,,,,,,,
Dictionary,trump-Malaysia.com,,,,,,,,
Dictionary,trumpMalaysia.com,,,,,,,,
Dictionary,Malaysia-trump.com,,,,,,,,
Dictionary,Malaysiatrump.com,,,,,,,,
Dictionary,trump-Maldives.com,,,,,,,,
Dictionary,trumpMaldives.com,,,,,,,,
Dictionary,Maldives-trump.com,,,,,,,,
Dictionary,Maldivestrump.com,,,,,,,,
Dictionary,trump-Mali.com,,,,,,,,
Dictionary,trumpMali.com,,,,,,,,
Dictionary,Mali-trump.com,,,,,,,,
Dictionary,Malitrump.com,,,,,,,,
Dictionary,trump-Malta.com,,,,,,,,
Dictionary,trumpMalta.com,,,,,,,,
Dictionary,Malta-trump.com,,,,,,,,
Dictionary,Maltatrump.com,,,,,,,,
Dictionary,trump-Mauritania.com,,,,,,,,
Dictionary,trumpMauritania.com,,,,,,,,
Dictionary,Mauritania-trump.com,,,,,,,,
Dictionary,Mauritaniatrump.com,,,,,,,,
Dictionary,trump-Mauritius.com,,,,,,,,
Dictionary,trumpMauritius.com,,,,,,,,
Dictionary,Mauritius-trump.com,,,,,,,,
Dictionary,Mauritiustrump.com,,,,,,,,
Dictionary,trump-Mexico.com,72.52.4.119,,localhost,ns1.sedoparking.com,United States,2016-09-01T00:00:00,2016-09-01T00:00:00,0
Dictionary,trumpMexico.com,184.168.221.49,,smtp.secureserver.net,ns09.domaincontrol.com,United States,2015-01-08T00:00:00,2017-01-04T00:00:00,0
Dictionary,Mexico-trump.com,,,,,,,,
Dictionary,Mexicotrump.com,72.52.4.91,,localhost,ns1.sedoparking.com,United States,2015-07-10T00:00:00,2016-12-18T00:00:00,0
Dictionary,trump-Micronesia.com,,,,,,,,
Dictionary,trumpMicronesia.com,,,,,,,,
Dictionary,Micronesia-trump.com,,,,,,,,
Dictionary,Micronesiatrump.com,,,,,,,,
Dictionary,trump-Moldova.com,,,,,,,,
Dictionary,trumpMoldova.com,,,,,,,,
Dictionary,Moldova-trump.com,,,,,,,,
Dictionary,Moldovatrump.com,,,,,,,,
Dictionary,trump-Monaco.com,,,,,,,,
Dictionary,trumpMonaco.com,184.168.221.59,,smtp.secureserver.net,ns49.domaincontrol.com,United States,2008-07-17T00:00:00,2016-06-29T00:00:00,0
Dictionary,Monaco-trump.com,,,,,,,,
Dictionary,Monacotrump.com,,,,,,,,
Dictionary,trump-Mongolia.com,,,,,,,,
Dictionary,trumpMongolia.com,,,,,,,,
Dictionary,Mongolia-trump.com,,,,,,,,
Dictionary,Mongoliatrump.com,,,,,,,,
Dictionary,trump-Montenegro.com,,,,,,,,
Dictionary,trumpMontenegro.com,184.168.221.30,,smtp.secureserver.net,ns47.domaincontrol.com,United States,2007-10-06T00:00:00,2016-10-06T00:00:00,0
Dictionary,Montenegro-trump.com,,,,,,,,
Dictionary,Montenegrotrump.com,,,,,,,,
Dictionary,trump-Morocco.com,,,,,,,,
Dictionary,trumpMorocco.com,184.168.221.60,,smtp.secureserver.net,ns49.domaincontrol.com,United States,2008-07-17T00:00:00,2016-06-29T00:00:00,
Dictionary,Morocco-trump.com,,,,,,,,
Dictionary,Moroccotrump.com,,,,,,,,
Dictionary,trump-Mozambique.com,,,,,,,,
Dictionary,trumpMozambique.com,,,,,,,,
Dictionary,Mozambique-trump.com,,,,,,,,
Dictionary,Mozambiquetrump.com,,,,,,,,
Dictionary,trump-Namibia.com,,,,,,,,
Dictionary,trumpNamibia.com,,,,,,,,
Dictionary,Namibia-trump.com,,,,,,,,
Dictionary,Namibiatrump.com,,,,,,,,
Dictionary,trump-Nauru.com,,,,,,,,
Dictionary,trumpNauru.com,,,,,,,,
Dictionary,Nauru-trump.com,,,,,,,,
Dictionary,Naurutrump.com,,,,,,,,
Dictionary,trump-Nepal.com,,,,,,,,
Dictionary,trumpNepal.com,,,,,,,,
Dictionary,Nepal-trump.com,,,,,,,,
Dictionary,Nepaltrump.com,,,,,,,,
Dictionary,trump-Netherlands.com,,,,,,,,
Dictionary,trumpNetherlands.com,,,,,,,,
Dictionary,Netherlands-trump.com,,,,,,,,
Dictionary,Netherlandstrump.com,,,,,,,,
Dictionary,trump-Nicaragua.com,,,,,,,,
Dictionary,trumpNicaragua.com,,,,,,,,
Dictionary,Nicaragua-trump.com,,,,,,,,
Dictionary,Nicaraguatrump.com,,,,,,,,
Dictionary,trump-Niger.com,,,,,,,,
Dictionary,trumpNiger.com,,,,,,,,
Dictionary,Niger-trump.com,,,,,,,,
Dictionary,Nigertrump.com,,,,,,,,
Dictionary,trump-Nigeria.com,,,,,,,,
Dictionary,trumpNigeria.com,,,,,,,,
Dictionary,Nigeria-trump.com,,,,,,,,
Dictionary,Nigeriatrump.com,,,,,,,,
Dictionary,trump-Norway.com,,,,,,,,
Dictionary,trumpNorway.com,50.63.202.48,,smtp.secureserver.net,ns49.domaincontrol.com,United States,2008-07-17T00:00:00,2016-06-29T00:00:00,0
Dictionary,Norway-trump.com,,,,,,,,
Dictionary,Norwaytrump.com,,,,,,,,
Dictionary,trump-Oman.com,,,,,,,,
Dictionary,trumpOman.com,,,,,,,,
Dictionary,Oman-trump.com,,,,,,,,
Dictionary,Omantrump.com,,,,,,,,
Dictionary,trump-Pakistan.com,,,,,,,,
Dictionary,trumpPakistan.com,,,,,,,,
Dictionary,Pakistan-trump.com,,,,,,,,
Dictionary,Pakistantrump.com,,,,,,,,
Dictionary,trump-Palau.com,,,,,,,,
Dictionary,trumpPalau.com,,,,,,,,
Dictionary,Palau-trump.com,,,,,,,,
Dictionary,Palautrump.com,,,,,,,,
Dictionary,trump-Panama.com,50.63.202.39,,smtp.secureserver.net,ns63.domaincontrol.com,United States,2006-02-24T00:00:00,2016-06-29T00:00:00,0
Dictionary,trumpPanama.com,50.63.202.19,,smtp.secureserver.net,ns63.domaincontrol.com,United States,2006-02-24T00:00:00,2016-06-29T00:00:00,
Dictionary,Panama-trump.com,,,,,,,,
Dictionary,Panamatrump.com,184.168.221.62,,smtp.secureserver.net,ns63.domaincontrol.com,United States,2006-02-24T00:00:00,2016-06-29T00:00:00,
Dictionary,trump-Paraguay.com,,,,,,,,
Dictionary,trumpParaguay.com,,,,,,,,
Dictionary,Paraguay-trump.com,,,,,,,,
Dictionary,Paraguaytrump.com,,,,,,,,
Dictionary,trump-Peru.com,,,,,,,,
Dictionary,trumpPeru.com,50.63.202.35,,smtp.secureserver.net,ns49.domaincontrol.com,United States,2008-07-17T00:00:00,2016-06-29T00:00:00,
Dictionary,Peru-trump.com,,,,,,,,
Dictionary,Perutrump.com,,,,,,,,
Dictionary,trump-Philippines.com,,,,,,,,
Dictionary,trumpPhilippines.com,50.63.202.42,,smtp.secureserver.net,ns09.domaincontrol.com,United States,2008-06-12T00:00:00,2016-06-29T00:00:00,
Dictionary,Philippines-trump.com,,,,,,,,
Dictionary,Philippinestrump.com,,,,,,,,
Dictionary,trump-Poland.com,,,,,,,,
Dictionary,trumpPoland.com,50.63.202.54,,smtp.secureserver.net,ns49.domaincontrol.com,United States,2008-07-17T00:00:00,2016-06-29T00:00:00,0
Dictionary,Poland-trump.com,,,,,,,,
Dictionary,Polandtrump.com,50.63.202.33,,smtp.secureserver.net,ns57.domaincontrol.com,United States,2016-11-13T00:00:00,2016-11-13T00:00:00,
Dictionary,trump-Portugal.com,,,,,,,,
Dictionary,trumpPortugal.com,,,,,,,,
Dictionary,Portugal-trump.com,,,,,,,,
Dictionary,Portugaltrump.com,,,,,,,,
Dictionary,trump-Qatar.com,,,,,,,,
Dictionary,trumpQatar.com,50.63.202.60,,smtp.secureserver.net,ns35.domaincontrol.com,United States,2009-05-26T00:00:00,2016-06-29T00:00:00,
Dictionary,Qatar-trump.com,,,,,,,,
Dictionary,Qatartrump.com,,,,,,,,
Dictionary,trump-Romania.com,,,,,,,,
Dictionary,trumpRomania.com,184.168.221.35,,smtp.secureserver.net,ns49.domaincontrol.com,United States,2008-07-17T00:00:00,2016-06-29T00:00:00,
Dictionary,Romania-trump.com,,,,,,,,
Dictionary,Romaniatrump.com,,,,,,,,
Dictionary,trump-Rwanda.com,,,,,,,,
Dictionary,trumpRwanda.com,,,,,,,,
Dictionary,Rwanda-trump.com,,,,,,,,
Dictionary,Rwandatrump.com,,,,,,,,
Dictionary,trump-Samoa.com,,,,,,,,
Dictionary,trumpSamoa.com,,,,,,,,
Dictionary,Samoa-trump.com,,,,,,,,
Dictionary,Samoatrump.com,,,,,,,,
Dictionary,trump-Senegal.com,,,,,,,,
Dictionary,trumpSenegal.com,,,,,,,,
Dictionary,Senegal-trump.com,,,,,,,,
Dictionary,Senegaltrump.com,,,,,,,,
Dictionary,trump-Serbia.com,,,,,,,,
Dictionary,trumpSerbia.com,,,,,,,,
Dictionary,Serbia-trump.com,,,,,,,,
Dictionary,Serbiatrump.com,,,,,,,,
Dictionary,trump-Seychelles.com,,,,,,,,
Dictionary,trumpSeychelles.com,,,,,,,,
Dictionary,Seychelles-trump.com,,,,,,,,
Dictionary,Seychellestrump.com,,,,,,,,
Dictionary,trump-Singapore.com,,,,,,,,
Dictionary,trumpSingapore.com,184.168.221.32,,smtp.secureserver.net,ns25.domaincontrol.com,United States,2015-08-13T00:00:00,2016-08-14T00:00:00,0
Dictionary,Singapore-trump.com,129.121.5.171,,singapore-trump.com,dns.site5.com,United States,2006-04-26T00:00:00,2015-04-20T00:00:00,0
Dictionary,Singaporetrump.com,,,,,,,,
Dictionary,trump-Slovakia.com,,,,,,,,
Dictionary,trumpSlovakia.com,,,,,,,,
Dictionary,Slovakia-trump.com,,,,,,,,
Dictionary,Slovakiatrump.com,,,,,,,,
Dictionary,trump-Slovenia.com,,,,,,,,
Dictionary,trumpSlovenia.com,184.168.221.41,,smtp.secureserver.net,ns57.domaincontrol.com,United States,2016-11-09T00:00:00,2016-11-09T00:00:00,
Dictionary,Slovenia-trump.com,,,,,,,,
Dictionary,Sloveniatrump.com,,,,,,,,
Dictionary,trump-Somalia.com,,,,,,,,
Dictionary,trumpSomalia.com,,,,,,,,
Dictionary,Somalia-trump.com,,,,,,,,
Dictionary,Somaliatrump.com,,,,,,,,
Dictionary,trump-Spain.com,,,,,,,,
Dictionary,trumpSpain.com,,,,,,,,
Dictionary,Spain-trump.com,,,,,,,,
Dictionary,Spaintrump.com,,,,,,,,
Dictionary,trump-Sudan.com,,,,,,,,
Dictionary,trumpSudan.com,,,,,,,,
Dictionary,Sudan-trump.com,,,,,,,,
Dictionary,Sudantrump.com,,,,,,,,
Dictionary,trump-Suriname.com,,,,,,,,
Dictionary,trumpSuriname.com,,,,,,,,
Dictionary,Suriname-trump.com,,,,,,,,
Dictionary,Surinametrump.com,,,,,,,,
Dictionary,trump-Swaziland.com,,,,,,,,
Dictionary,trumpSwaziland.com,,,,,,,,
Dictionary,Swaziland-trump.com,,,,,,,,
Dictionary,Swazilandtrump.com,,,,,,,,
Dictionary,trump-Sweden.com,,,,,,,,
Dictionary,trumpSweden.com,184.168.221.50,,smtp.secureserver.net,ns49.domaincontrol.com,United States,2008-07-17T00:00:00,2016-06-29T00:00:00,0
Dictionary,Sweden-trump.com,,,,,,,,
Dictionary,Swedentrump.com,,,,,,,,
Dictionary,trump-Switzerland.com,,,,,,,,
Dictionary,trumpSwitzerland.com,50.63.202.49,,smtp.secureserver.net,ns49.domaincontrol.com,United States,2008-07-17T00:00:00,2016-06-29T00:00:00,0
Dictionary,Switzerland-trump.com,,,,,,,,
Dictionary,Switzerlandtrump.com,,,,,,,,
Dictionary,trump-Syria.com,,,,,,,,
Dictionary,trumpSyria.com,,,,,,,,
Dictionary,Syria-trump.com,,,,,,,,
Dictionary,Syriatrump.com,,,,,,,,
Dictionary,trump-Taiwan.com,,,,,,,,
Dictionary,trumpTaiwan.com,184.168.221.35,,smtp.secureserver.net,ns49.domaincontrol.com,United States,2008-07-17T00:00:00,2016-06-29T00:00:00,
Dictionary,Taiwan-trump.com,,,,,,,,
Dictionary,Taiwantrump.com,,,,,,,,
Dictionary,trump-Tajikistan.com,,,,,,,,
Dictionary,trumpTajikistan.com,,,,,,,,
Dictionary,Tajikistan-trump.com,,,,,,,,
Dictionary,Tajikistantrump.com,,,,,,,,
Dictionary,trump-Tanzania.com,,,,,,,,
Dictionary,trumpTanzania.com,,,,,,,,
Dictionary,Tanzania-trump.com,,,,,,,,
Dictionary,Tanzaniatrump.com,,,,,,,,
Dictionary,trump-Thailand.com,,,,,,,,
Dictionary,trumpThailand.com,,,,,,,,
Dictionary,Thailand-trump.com,,,,,,,,
Dictionary,Thailandtrump.com,,,,,,,,
Dictionary,trump-Togo.com,,,,,,,,
Dictionary,trumpTogo.com,89.31.143.1,,mx00.udag.de,ns.udag.de,Germany,2016-11-10T00:00:00,2016-11-10T00:00:00,0
Dictionary,Togo-trump.com,,,,,,,,
Dictionary,Togotrump.com,,,,,,,,
Dictionary,trump-Tonga.com,,,,,,,,
Dictionary,trumpTonga.com,,,,,,,,
Dictionary,Tonga-trump.com,,,,,,,,
Dictionary,Tongatrump.com,,,,,,,,
Dictionary,trump-Tunisia.com,,,,,,,,
Dictionary,trumpTunisia.com,,,,,,,,
Dictionary,Tunisia-trump.com,,,,,,,,
Dictionary,Tunisiatrump.com,,,,,,,,
Dictionary,trump-Turkey.com,,,,,,,,
Dictionary,trumpTurkey.com,50.63.202.60,,smtp.secureserver.net,ns23.domaincontrol.com,United States,2006-10-21T00:00:00,2016-09-21T00:00:00,
Dictionary,Turkey-trump.com,,,,,,,,
Dictionary,Turkeytrump.com,184.168.221.58,,smtp.secureserver.net,ns57.domaincontrol.com,United States,2016-11-10T00:00:00,2016-11-10T00:00:00,0
Dictionary,trump-Turkmenistan.com,,,,,,,,
Dictionary,trumpTurkmenistan.com,,,,,,,,
Dictionary,Turkmenistan-trump.com,,,,,,,,
Dictionary,Turkmenistantrump.com,,,,,,,,
Dictionary,trump-Tuvalu.com,,,,,,,,
Dictionary,trumpTuvalu.com,,,,,,,,
Dictionary,Tuvalu-trump.com,,,,,,,,
Dictionary,Tuvalutrump.com,,,,,,,,
Dictionary,trump-Uganda.com,,,,,,,,
Dictionary,trumpUganda.com,,,,,,,,
Dictionary,Uganda-trump.com,,,,,,,,
Dictionary,Ugandatrump.com,,,,,,,,
Dictionary,trump-Ukraine.com,,,,,,,,
Dictionary,trumpUkraine.com,50.63.202.44,,smtp.secureserver.net,ns49.domaincontrol.com,United States,2008-07-17T00:00:00,2016-06-29T00:00:00,0
Dictionary,Ukraine-trump.com,,,,,,,,
Dictionary,Ukrainetrump.com,160.153.129.37,,mail.ukrainetrump.com,ns77.domaincontrol.com,United States,2016-12-07T00:00:00,2016-12-07T00:00:00,0
Dictionary,trump-Uruguay.com,,,,,,,,
Dictionary,trumpUruguay.com,184.168.221.54,,smtp.secureserver.net,ns15.domaincontrol.com,United States,2012-01-19T00:00:00,2016-06-29T00:00:00,0
Dictionary,Uruguay-trump.com,,,,,,,,
Dictionary,Uruguaytrump.com,,,,,,,,
Dictionary,trump-Uzbekistan.com,,,,,,,,
Dictionary,trumpUzbekistan.com,,,,,,,,
Dictionary,Uzbekistan-trump.com,,,,,,,,
Dictionary,Uzbekistantrump.com,,,,,,,,
Dictionary,trump-Vanuatu.com,,,,,,,,
Dictionary,trumpVanuatu.com,,,,,,,,
Dictionary,Vanuatu-trump.com,,,,,,,,
Dictionary,Vanuatutrump.com,,,,,,,,
Dictionary,trump-Venezuela.com,,,,,,,,
Dictionary,trumpVenezuela.com,,,,,,,,
Dictionary,Venezuela-trump.com,,,,,,,,
Dictionary,Venezuelatrump.com,,,,,,,,
Dictionary,trump-Vietnam.com,,,,,,,,
Dictionary,trumpVietnam.com,,,,,,,,
Dictionary,Vietnam-trump.com,,,,,,,,
Dictionary,Vietnamtrump.com,,,,,,,,
Dictionary,trump-Yemen.com,,,,,,,,
Dictionary,trumpYemen.com,,,,,,,,
Dictionary,Yemen-trump.com,,,,,,,,
Dictionary,Yementrump.com,,,,,,,,
Dictionary,trump-Zambia.com,,,,,,,,
Dictionary,trumpZambia.com,,,,,,,,
Dictionary,Zambia-trump.com,,,,,,,,
Dictionary,Zambiatrump.com,,,,,,,,
Dictionary,trump-Zimbabwe.com,,,,,,,,
Dictionary,trumpZimbabwe.com,,,,,,,,
Dictionary,Zimbabwe-trump.com,,,,,,,,
Dictionary,Zimbabwetrump.com,,,,,,,,
