Email,Recipient Name,Recipient Group,Department,Location,Opened Email?,Opened Email Timestamp,Clicked Link?,Clicked Link Timestamp,Submitted Form,Username,Entered Password?,Submitted Form Timestamp,Reported Phish?,New/Repeat Reporter,Reported Phish Timestamp,Time to Report (in seconds),Remote IP,GeoIP Country,GeoIP City,GeoIP Organization,Last DSN,Last Email Status,Last Email Status Timestamp,Language,Browser,User-Agent,Mobile?,Seconds Spent on Education Page,COST_CENTER,JOB_FUNCTION,Submitted Data
bob.smith@example.com,Bob Smith,Repeat ,Engineering,North America,Yes,4/12/13 21:06,Yes,4/15/13 15:50,Yes,bob.smith,Yes,4/13/13 1:39,No,,,,8.8.8.8,Germany,unknown,,2.0.0,,4/12/13 20:53,,Safari 531,"Mozilla/5.0 (X11; U; Linux x86_64; c) AppleWebKit/531.2+ (KHTML, like Gecko) Safari/531.2+",FALSE,0,A005,Engineering,Yes
stan.king65647@example.com,Stan King,Repeat ,General Counsel,North America,Yes,4/12/13 21:06,Yes,4/12/13 21:18,No,,No,,No,,,,8.8.8.8,France,Paris,,2.0.0,,4/12/13 20:53,,IE 9,Mozilla/4.0 (compatible; MSIE 9.0; Windows NT 6.1 BETA),FALSE,0,A009,Administration,No
jeffry.morar60303@example.com,Jeffry Morar,Repeat ,Employee Training,North America,Yes,4/12/13 21:06,Yes,4/13/13 2:32,No,,No,,No,,,,8.8.8.8,United Kingdom,Cambridge,,2.0.0,,4/12/13 20:53,,IE 9,Mozilla/4.0 (compatible; MSIE 9.0; Windows NT 6.1 BETA),FALSE,0,A009,Legal,No
michaela.larson21053@example.com,Michaela Larson,Repeat ,Run,EMEA,Yes,4/12/13 21:06,Yes,4/13/13 0:47,No,,No,,No,,,,8.8.8.8,unknown,unknown,,2.0.0,,4/12/13 20:53,,IE 9,Mozilla/4.0 (compatible; MSIE 9.0; Windows NT 6.1 BETA),FALSE,0,A016,Engineering,No
braeden.kassulke21610@example.com,Braeden Kassulke,Repeat ,General Counsel,EMEA,Yes,4/12/13 21:06,Yes,4/12/13 22:24,No,,No,,No,,,,8.8.8.8,United States,Durham,,2.0.0,,4/12/13 20:53,,IE 9,Mozilla/4.0 (compatible; MSIE 9.0; Windows NT 6.1 BETA),FALSE,0,A012,Engineering,No
melvina.pagac28882@example.com,Melvina Pagac,Repeat ,Run,North America,Yes,4/12/13 21:06,Yes,4/12/13 22:13,No,,No,,No,,,,8.8.8.8,United States,Fort Huachuca,,2.0.0,,4/12/13 20:53,,IE 9,Mozilla/4.0 (compatible; MSIE 9.0; Windows NT 6.1 BETA),FALSE,0,A004,Finance,No
elvera.nader4970@example.com,Elvera Nader,Repeat ,Build,North America,Yes,4/12/13 21:06,Yes,4/12/13 21:42,No,,No,,No,,,,8.8.8.8,United States,unknown,,2.0.0,,4/12/13 20:53,,IE 9,Mozilla/4.0 (compatible; MSIE 9.0; Windows NT 6.1 BETA),FALSE,0,A019,Legal,No
anastacio.mohr26860@example.com,Anastacio Mohr,Repeat ,Employee Training,ASPAC,Yes,4/12/13 21:06,No,,No,,No,,No,,,,8.8.8.8,United States,Austin,,2.0.0,,4/12/13 20:53,,Outlook 2010,Microsoft Office/14.0 (Windows NT 6.1; Microsoft Outlook 14.0.4760; Pro; ms-office; MSOffice 14),FALSE,,A014,IT,No
ollie.schuster24346@example.com,Ollie Schuster,Repeat ,Employee Training,ASPAC,Yes,4/12/13 21:06,No,,No,,No,,No,,,,8.8.8.8,United States,Fort Huachuca,,2.0.0,,4/12/13 20:53,,Outlook 2010,Microsoft Office/14.0 (Windows NT 6.1; Microsoft Outlook 14.0.4760; Pro; ms-office; MSOffice 14),FALSE,,A001,Engineering,No
joanny.lynch67504@example.com,Joanny Lynch,Repeat ,Corporate Finance,North America,Yes,4/12/13 21:06,No,,No,,No,,No,,,,8.8.8.8,United States,New Berlin,,2.0.0,,4/12/13 20:53,,Outlook 2007,Mozilla/4.0 (compatible; MSIE 6.0; Windows NT 5.1; SV1; Mozilla/4.0 (compatible; MSIE 6.0; Windows NT 5.1; SV1) ; .NET CLR 1.1.4322; InfoPath.2; .NET CLR 2.0.50727; MSOffice 12),FALSE,,A017,Research,No
lazaro.spencer35928@example.com,Lazaro Spencer,Repeat ,Sourcing,EMEA,Yes,4/12/13 21:06,No,,No,,No,,No,,,,8.8.8.8,France,Paris,,2.0.0,,4/12/13 20:53,,Outlook 2007,Mozilla/4.0 (compatible; MSIE 6.0; Windows NT 5.1; SV1; Mozilla/4.0 (compatible; MSIE 6.0; Windows NT 5.1; SV1) ; .NET CLR 1.1.4322; InfoPath.2; .NET CLR 2.0.50727; MSOffice 12),FALSE,,A012,IT,No
lesley.altenwerth18608@example.com,Lesley Altenwerth,Repeat ,Executive Support,EMEA,Yes,4/12/13 21:06,No,,No,,No,,No,,,,8.8.8.8,unknown,unknown,,2.0.0,,4/12/13 20:53,,Outlook 2010,Microsoft Office/14.0 (Windows NT 6.1; Microsoft Outlook 14.0.4760; Pro; ms-office; MSOffice 14),FALSE,,A011,Research,No
rachelle.bode62208@example.com,Rachelle Bode,Repeat ,Build,EMEA,Yes,4/12/13 21:06,No,,No,,No,,No,,,,8.8.8.8,United States,Norwalk,,2.0.0,,4/12/13 20:53,,Outlook 2010,Microsoft Office/14.0 (Windows NT 6.1; Microsoft Outlook 14.0.4760; Pro; ms-office; MSOffice 14),FALSE,,A017,Marketing,No
pearlie.champlin58118@example.com,Pearlie Champlin,Repeat ,Sales Engineering,North America,Yes,4/12/13 21:06,No,,No,,No,,No,,,,8.8.8.8,United States,Palo Alto,,2.0.0,,4/12/13 20:53,,Outlook 2010,Microsoft Office/14.0 (Windows NT 6.1; Microsoft Outlook 14.0.4760; Pro; ms-office; MSOffice 14),FALSE,,A005,Research,No
layne.heathcote59872@example.com,Layne Heathcote,Repeat ,Sales Engineering,EMEA,Yes,4/12/13 21:06,No,,No,,No,,No,,,,8.8.8.8,United States,Austin,,2.0.0,,4/12/13 20:53,,Outlook 2007,Mozilla/4.0 (compatible; MSIE 6.0; Windows NT 5.1; SV1; Mozilla/4.0 (compatible; MSIE 6.0; Windows NT 5.1; SV1) ; .NET CLR 1.1.4322; InfoPath.2; .NET CLR 2.0.50727; MSOffice 12),FALSE,,A007,Sales,No
araceli.wilkinson66157@example.com,Araceli Wilkinson,Repeat ,Public Relations,EMEA,Yes,4/12/13 21:06,No,,No,,No,,No,,,,8.8.8.8,unknown,unknown,,2.0.0,,4/12/13 20:53,,Outlook 2010,Microsoft Office/14.0 (Windows NT 6.1; Microsoft Outlook 14.0.4760; Pro; ms-office; MSOffice 14),FALSE,,A020,Research,No
taylor.swaniawski60426@example.com,Taylor Swaniawski,Repeat ,Senior Management,North America,Yes,4/12/13 21:06,No,,No,,No,,No,,,,8.8.8.8,United States,Woodbridge,,2.0.0,,4/12/13 20:53,,Outlook 2010,Microsoft Office/14.0 (Windows NT 6.1; Microsoft Outlook 14.0.4760; Pro; ms-office; MSOffice 14),FALSE,,A015,Marketing,No
mckenna.conroy41608@example.com,Mckenna Conroy,Repeat ,Temp Staffing,North America,Yes,4/12/13 21:07,Yes,4/12/13 21:26,Yes,mckenna.conroy,Yes,4/13/13 1:49,No,,,,8.8.8.8,unknown,unknown,,2.0.0,,4/12/13 20:53,,IE 9,Mozilla/4.0 (compatible; MSIE 9.0; Windows NT 6.1 BETA),FALSE,0,A005,Legal,Yes
trevion.kling33688@example.com,Trevion Kling,Repeat ,Run,North America,Yes,4/12/13 21:07,Yes,4/13/13 4:33,Yes,trevion.kling,Yes,4/14/13 6:04,No,,,,8.8.8.8,Switzerland,unknown,,2.0.0,,4/12/13 20:53,,FF 20,Mozilla/5.0 (Windows NT 6.1; rv:20.0) Gecko/20.0 Firefox/20.0,FALSE,0,A009,Legal,Yes
mohammad.wintheiser10242@example.com,Mohammad Wintheiser,Repeat ,Run,North America,Yes,4/12/13 21:07,Yes,4/13/13 1:04,Yes,mohammad.wintheiser,Yes,4/12/13 23:14,No,,,,8.8.8.8,United States,Durham,,2.0.0,,4/12/13 20:53,,BlackBerry,BlackBerry8300/4.2.2 Profile/MIDP-2.0 Configuration/CLDC-1.1 VendorID/117,TRUE,0,A009,Research,Yes
kayla.halvorson20950@example.com,Kayla Halvorson,Repeat ,Build,North America,Yes,4/12/13 21:07,Yes,4/13/13 12:26,No,,No,,No,,,,8.8.8.8,United States,unknown,,2.0.0,,4/12/13 20:53,,IE 9,Mozilla/4.0 (compatible; MSIE 9.0; Windows NT 6.1 BETA),FALSE,0,A005,Executive,No
corine.murazik6510@example.com,Corine Murazik,Repeat ,Temp Staffing,North America,Yes,4/12/13 21:07,Yes,4/12/13 22:38,No,,No,,No,,,,8.8.8.8,unknown,unknown,,2.0.0,,4/12/13 20:53,,IE 9,Mozilla/4.0 (compatible; MSIE 9.0; Windows NT 6.1 BETA),FALSE,0,A019,Sales,No
aimee.kub5156@example.com,Aimee Kub,Repeat ,Sales,North America,Yes,4/12/13 21:07,Yes,4/12/13 21:20,No,,No,,No,,,,8.8.8.8,United States,Durham,,2.0.0,,4/12/13 20:53,,IE 9,Mozilla/4.0 (compatible; MSIE 9.0; Windows NT 6.1 BETA),FALSE,0,A011,Sales,No
doris.kihn29754@example.com,Doris Kihn,Repeat ,Development Operations,North America,Yes,4/12/13 21:07,Yes,4/13/13 0:52,No,,No,,No,,,,8.8.8.8,unknown,unknown,,2.0.0,,4/12/13 20:53,,Chrome 29,"Mozilla/5.0 (Macintosh; Intel Mac OS X 10_7_5) AppleWebKit/537.36 (KHTML, like Gecko) Chrome/29.0.1521.3 Safari/537.36",FALSE,0,A010,Executive,No
sylvia.rice63939@example.com,Sylvia Rice,Repeat ,Facilities Management,ASPAC,Yes,4/12/13 21:07,No,,No,,No,,No,,,,8.8.8.8,unknown,unknown,,2.0.0,,4/12/13 20:53,,Outlook 2007,Mozilla/4.0 (compatible; MSIE 6.0; Windows NT 5.1; SV1; Mozilla/4.0 (compatible; MSIE 6.0; Windows NT 5.1; SV1) ; .NET CLR 1.1.4322; InfoPath.2; .NET CLR 2.0.50727; MSOffice 12),FALSE,,A007,Research,No
iva.terry43785@example.com,Iva Terry,Repeat ,Sourcing,North America,Yes,4/12/13 21:07,No,,No,,No,,No,,,,8.8.8.8,United States,Duluth,,2.0.0,,4/12/13 20:53,,Outlook 2010,Microsoft Office/14.0 (Windows NT 6.1; Microsoft Outlook 14.0.4760; Pro; ms-office; MSOffice 14),FALSE,,A009,Administration,No
daniela.daugherty70506@example.com,Daniela Daugherty,Repeat ,Patents,EMEA,Yes,4/12/13 21:07,No,,No,,No,,No,,,,8.8.8.8,United States,Newark,,2.0.0,,4/12/13 20:53,,Outlook 2010,Microsoft Office/14.0 (Windows NT 6.1; Microsoft Outlook 14.0.4760; Pro; ms-office; MSOffice 14),FALSE,,A007,Research,No
sasha.watsica58914@example.com,Sasha Watsica,Repeat ,Facilities Management,ASPAC,Yes,4/12/13 21:07,No,,No,,No,,No,,,,8.8.8.8,United States,Chicago,,2.0.0,,4/12/13 20:53,,Outlook 2010,Microsoft Office/14.0 (Windows NT 6.1; Microsoft Outlook 14.0.4760; Pro; ms-office; MSOffice 14),FALSE,,A017,Engineering,No
norbert.cassin28151@example.com,Norbert Cassin,Repeat ,Corporate Finance,EMEA,Yes,4/12/13 21:07,No,,No,,No,,No,,,,8.8.8.8,United States,Cleveland,,2.0.0,,4/12/13 20:53,,Outlook 2007,Mozilla/4.0 (compatible; MSIE 6.0; Windows NT 5.1; SV1; Mozilla/4.0 (compatible; MSIE 6.0; Windows NT 5.1; SV1) ; .NET CLR 1.1.4322; InfoPath.2; .NET CLR 2.0.50727; MSOffice 12),FALSE,,A001,Administration,No
oma.watsica27107@example.com,Oma Watsica,Repeat ,Benefits Administration,EMEA,Yes,4/12/13 21:07,No,,No,,No,,No,,,,8.8.8.8,United States,Nashville,,2.0.0,,4/12/13 20:53,,Outlook 2010,Microsoft Office/14.0 (Windows NT 6.1; Microsoft Outlook 14.0.4760; Pro; ms-office; MSOffice 14),FALSE,,A020,Sales,No
mariam.kautzer59005@example.com,Mariam Kautzer,Repeat ,Corporate Finance,EMEA,Yes,4/12/13 21:07,No,,No,,No,,No,,,,8.8.8.8,India,unknown,,2.0.0,,4/12/13 20:53,,Outlook 2010,Microsoft Office/14.0 (Windows NT 6.1; Microsoft Outlook 14.0.4760; Pro; ms-office; MSOffice 14),FALSE,,A004,Administration,No
aylin.hilpert1169@example.com,Aylin Hilpert,Repeat ,Senior Management,EMEA,Yes,4/12/13 21:07,No,,No,,No,,No,,,,8.8.8.8,United States,Newark,,2.0.0,,4/12/13 20:53,,Outlook 2010,Microsoft Office/14.0 (Windows NT 6.1; Microsoft Outlook 14.0.4760; Pro; ms-office; MSOffice 14),FALSE,,A017,Human Resources,No
wilfredo.corwin34635@example.com,Wilfredo Corwin,Repeat ,Outside Sales,EMEA,Yes,4/12/13 21:07,No,,No,,No,,No,,,,8.8.8.8,China,Guangzhou,,2.0.0,,4/12/13 20:53,,Outlook 2010,Microsoft Office/14.0 (Windows NT 6.1; Microsoft Outlook 14.0.4760; Pro; ms-office; MSOffice 14),FALSE,,A009,Executive,No
jackie.walter27153@example.com,Jackie Walter,Repeat ,Public Relations,EMEA,Yes,4/12/13 21:07,No,,No,,No,,No,,,,8.8.8.8,United Kingdom,Cambridge,,2.0.0,,4/12/13 20:53,,Outlook 2010,Microsoft Office/14.0 (Windows NT 6.1; Microsoft Outlook 14.0.4760; Pro; ms-office; MSOffice 14),FALSE,,A007,Administration,No
stephon.stanton40880@example.com,Stephon Stanton,Repeat ,Senior Management,EMEA,Yes,4/12/13 21:07,No,,No,,No,,No,,,,8.8.8.8,United States,Houston,,2.0.0,,4/12/13 20:53,,Outlook 2010,Microsoft Office/14.0 (Windows NT 6.1; Microsoft Outlook 14.0.4760; Pro; ms-office; MSOffice 14),FALSE,,A001,Engineering,No
lina.heaney65624@example.com,Lina Heaney,Repeat ,Public Relations,EMEA,Yes,4/12/13 21:07,No,,No,,No,,Yes,Repeat,4/13/13 18:37,78232,8.8.8.8,unknown,unknown,,2.0.0,,4/12/13 20:53,,Outlook 2007,Mozilla/4.0 (compatible; MSIE 6.0; Windows NT 5.1; SV1; Mozilla/4.0 (compatible; MSIE 6.0; Windows NT 5.1; SV1) ; .NET CLR 1.1.4322; InfoPath.2; .NET CLR 2.0.50727; MSOffice 12),FALSE,,A017,Marketing,No
briana.herman33884@example.com,Briana Herman,Repeat ,Public Relations,North America,Yes,4/12/13 21:07,No,,No,,No,,No,,,,8.8.8.8,unknown,unknown,,2.0.0,,4/12/13 20:53,,Outlook 2007,Mozilla/4.0 (compatible; MSIE 6.0; Windows NT 5.1; SV1; Mozilla/4.0 (compatible; MSIE 6.0; Windows NT 5.1; SV1) ; .NET CLR 1.1.4322; InfoPath.2; .NET CLR 2.0.50727; MSOffice 12),FALSE,,A020,Engineering,No
brielle.stokes15383@example.com,Brielle Stokes,Repeat ,Patents,ASPAC,Yes,4/12/13 21:07,No,,No,,No,,No,,,,8.8.8.8,Canada,Victoria,,2.0.0,,4/12/13 20:53,,Outlook 2010,Microsoft Office/14.0 (Windows NT 6.1; Microsoft Outlook 14.0.4760; Pro; ms-office; MSOffice 14),FALSE,,A016,Engineering,No
amari.anderson55360@example.com,Amari Anderson,Repeat ,Employee Training,North America,Yes,4/12/13 21:07,No,,No,,No,,Yes,New,4/15/13 20:50,259042,8.8.8.8,Colombia,Bogotêç,,2.0.0,,4/12/13 20:53,,Outlook 2010,Microsoft Office/14.0 (Windows NT 6.1; Microsoft Outlook 14.0.4760; Pro; ms-office; MSOffice 14),FALSE,,A001,Administration,No
uriah.kemmer47016@example.com,Uriah Kemmer,Repeat ,Public Relations,South America,Yes,4/12/13 21:07,No,,No,,No,,No,,,,8.8.8.8,"Korea, Republic of",unknown,,2.0.0,,4/12/13 20:53,,Outlook 2010,Microsoft Office/14.0 (Windows NT 6.1; Microsoft Outlook 14.0.4760; Pro; ms-office; MSOffice 14),FALSE,,A016,Engineering,No
declan.gerlach70035@example.com,Declan Gerlach,Repeat ,Sourcing,ASPAC,Yes,4/12/13 21:07,No,,No,,No,,No,,,,8.8.8.8,Germany,unknown,,2.0.0,,4/12/13 20:53,,Outlook 2010,Microsoft Office/14.0 (Windows NT 6.1; Microsoft Outlook 14.0.4760; Pro; ms-office; MSOffice 14),FALSE,,A005,Administration,No
kacie.morissette51254@example.com,Kacie Morissette,Repeat ,Facilities Management,North America,Yes,4/12/13 21:07,No,,No,,No,,No,,,,8.8.8.8,India,unknown,,2.0.0,,4/12/13 20:53,,Outlook 2007,Mozilla/4.0 (compatible; MSIE 6.0; Windows NT 5.1; SV1; Mozilla/4.0 (compatible; MSIE 6.0; Windows NT 5.1; SV1) ; .NET CLR 1.1.4322; InfoPath.2; .NET CLR 2.0.50727; MSOffice 12),FALSE,,A005,Engineering,No
darren.steuber295@example.com,Darren Steuber,Repeat ,Facilities Management,ASPAC,Yes,4/12/13 21:07,No,,No,,No,,No,,,,8.8.8.8,Canada,Victoria,,2.0.0,,4/12/13 20:53,,Outlook 2010,Microsoft Office/14.0 (Windows NT 6.1; Microsoft Outlook 14.0.4760; Pro; ms-office; MSOffice 14),FALSE,,A007,Engineering,No
hadley.dicki38897@example.com,Hadley Dicki,Repeat ,General Counsel,EMEA,Yes,4/12/13 21:08,Yes,4/13/13 3:58,Yes,hadley.dicki,Yes,4/12/13 21:29,Yes,New,4/12/13 22:25,5505,8.8.8.8,unknown,unknown,,2.0.0,,4/12/13 20:53,,IE 9,Mozilla/4.0 (compatible; MSIE 9.0; Windows NT 6.1 BETA),FALSE,0,A009,Legal,Yes
orval.sanford57636@example.com,Orval Sanford,Repeat ,Patents,North America,Yes,4/12/13 21:08,Yes,4/13/13 0:36,Yes,orval.sanford,Yes,4/12/13 21:34,No,,,,8.8.8.8,unknown,unknown,,2.0.0,,4/12/13 20:53,,IE 9,Mozilla/4.0 (compatible; MSIE 9.0; Windows NT 6.1 BETA),FALSE,0,A010,Sales,Yes
dallin.marvin65131@example.com,Dallin Marvin,Repeat ,Sales,North America,Yes,4/12/13 21:08,Yes,4/12/13 21:31,Yes,dallin.marvin,Yes,4/14/13 13:42,No,,,,8.8.8.8,United States,Duluth,,2.0.0,,4/12/13 20:53,,IE 9,Mozilla/4.0 (compatible; MSIE 9.0; Windows NT 6.1 BETA),FALSE,0,A017,Legal,Yes
carroll.schmeler4709@example.com,Carroll Schmeler,Repeat ,Solution Engineering,North America,Yes,4/12/13 21:08,Yes,4/12/13 21:17,Yes,carroll.schmeler,Yes,4/13/13 4:23,No,,,,8.8.8.8,Canada,Victoria,,2.0.0,,4/12/13 20:53,,IE 9,Mozilla/4.0 (compatible; MSIE 9.0; Windows NT 6.1 BETA),FALSE,0,A005,Legal,Yes
laurine.prosacco48311@example.com,Laurine Prosacco,Repeat ,Product Marketing,North America,Yes,4/12/13 21:08,Yes,4/12/13 21:54,Yes,laurine.prosacco,Yes,4/12/13 23:01,Yes,New,4/13/13 3:02,22120,8.8.8.8,India,unknown,,2.0.0,,4/12/13 20:53,,IE 9,Mozilla/4.0 (compatible; MSIE 9.0; Windows NT 6.1 BETA),FALSE,0,A012,Executive,Yes
dax.kuphal63577@example.com,Dax Kuphal,Repeat ,Patents,North America,Yes,4/12/13 21:08,Yes,4/13/13 3:53,Yes,dax.kuphal,Yes,4/12/13 21:10,No,,,,8.8.8.8,United States,San Francisco,,2.0.0,,4/12/13 20:53,,Chrome 29,"Mozilla/5.0 (Macintosh; Intel Mac OS X 10_7_5) AppleWebKit/537.36 (KHTML, like Gecko) Chrome/29.0.1521.3 Safari/537.36",FALSE,0,A004,Human Resources,Yes
darrick.hagenes35277@example.com,Darrick Hagenes,Repeat ,Sourcing,ASPAC,Yes,4/12/13 21:08,Yes,4/12/13 23:26,Yes,darrick.hagenes,Yes,4/12/13 22:59,No,,,,8.8.8.8,unknown,unknown,,2.0.0,,4/12/13 20:53,,IE 9,Mozilla/4.0 (compatible; MSIE 9.0; Windows NT 6.1 BETA),FALSE,0,A004,Engineering,Yes
angel.mcclure61840@example.com,Angel McClure,Repeat ,Facilities Management,North America,Yes,4/12/13 21:08,Yes,4/12/13 21:11,No,,No,,No,,,,8.8.8.8,Colombia,Bogotêç,,2.0.0,,4/12/13 20:53,,IE 9,Mozilla/4.0 (compatible; MSIE 9.0; Windows NT 6.1 BETA),FALSE,0,A018,Legal,No
helga.lakin20729@example.com,Helga Lakin,Repeat ,Product Management,North America,Yes,4/12/13 21:08,Yes,4/13/13 5:17,No,,No,,No,,,,8.8.8.8,United States,Duluth,,2.0.0,,4/12/13 20:53,,iPhone,"Mozilla/5.0 (iPhone; U; CPU iPhone OS 2_1 like Mac OS X; en-us) AppleWebKit/525.18.1 (KHTML, like Gecko) Version/3.1.1 Mobile/5F136 Safari/525.20",TRUE,0,A002,Administration,No
francisco.berge4450@example.com,Francisco Berge,Repeat ,Employee Training,EMEA,Yes,4/12/13 21:08,Yes,4/12/13 23:02,No,,No,,No,,,,8.8.8.8,United States,Houston,,2.0.0,,4/12/13 20:53,,FF 20,Mozilla/5.0 (Windows NT 6.1; rv:20.0) Gecko/20.0 Firefox/20.0,FALSE,0,A010,Human Resources,No
adriana.wiza17101@example.com,Adriana Wiza,Repeat ,Development Operations,North America,Yes,4/12/13 21:08,Yes,4/12/13 22:55,No,,No,,No,,,,8.8.8.8,South Africa,Waverly,,2.0.0,,4/12/13 20:53,,IE 9,Mozilla/4.0 (compatible; MSIE 9.0; Windows NT 6.1 BETA),FALSE,0,A005,Finance,No
jayden.ryan60138@example.com,Jayden Ryan,Repeat ,Build,North America,Yes,4/12/13 21:08,Yes,4/12/13 23:22,No,,No,,No,,,,8.8.8.8,United States,Newark,,2.0.0,,4/12/13 20:53,,iPhone,"Mozilla/5.0 (iPhone; U; CPU iPhone OS 2_1 like Mac OS X; en-us) AppleWebKit/525.18.1 (KHTML, like Gecko) Version/3.1.1 Mobile/5F136 Safari/525.20",TRUE,0,A004,Administration,No
mollie.daugherty57652@example.com,Mollie Daugherty,Repeat ,Senior Management,South America,Yes,4/12/13 21:08,Yes,4/12/13 23:09,No,,No,,No,,,,8.8.8.8,United States,Cleveland,,2.0.0,,4/12/13 20:53,,IE 9,Mozilla/4.0 (compatible; MSIE 9.0; Windows NT 6.1 BETA),FALSE,0,A005,Finance,No
jessy.streich69296@example.com,Jessy Streich,Repeat ,Executive Support,EMEA,Yes,4/12/13 21:08,Yes,4/12/13 22:09,No,,No,,No,,,,8.8.8.8,unknown,unknown,,2.0.0,,4/12/13 20:53,,Chrome 29,"Mozilla/5.0 (Macintosh; Intel Mac OS X 10_7_5) AppleWebKit/537.36 (KHTML, like Gecko) Chrome/29.0.1521.3 Safari/537.36",FALSE,0,A004,Sales,No
magnolia.collins60630@example.com,Magnolia Collins,Repeat ,Executive Support,EMEA,Yes,4/12/13 21:08,Yes,4/12/13 21:22,No,,No,,No,,,,8.8.8.8,Italy,Rome,,2.0.0,,4/12/13 20:53,,BlackBerry,BlackBerry8300/4.2.2 Profile/MIDP-2.0 Configuration/CLDC-1.1 VendorID/117,TRUE,0,A006,IT,No
sabryna.hodkiewicz22040@example.com,Sabryna Hodkiewicz,Repeat ,Development Operations,North America,Yes,4/12/13 21:08,Yes,4/12/13 21:58,No,,No,,Yes,New,4/12/13 21:07,817,8.8.8.8,Netherlands,Utrecht,,2.0.0,,4/12/13 20:53,,Chrome 29,"Mozilla/5.0 (Macintosh; Intel Mac OS X 10_7_5) AppleWebKit/537.36 (KHTML, like Gecko) Chrome/29.0.1521.3 Safari/537.36",FALSE,0,A003,Research,No
tabitha.okon46021@example.com,Tabitha OKon,Repeat ,Employee Relations,North America,Yes,4/12/13 21:08,Yes,4/12/13 22:01,No,,No,,No,,,,8.8.8.8,Hong Kong,Central District,,2.0.0,,4/12/13 20:53,,IE 9,Mozilla/4.0 (compatible; MSIE 9.0; Windows NT 6.1 BETA),FALSE,0,A004,Sales,No
coby.crist38836@example.com,Coby Crist,Repeat ,Employee Relations,ASPAC,Yes,4/12/13 21:08,No,,No,,No,,No,,,,8.8.8.8,United States,Cleveland,,2.0.0,,4/12/13 20:53,,Outlook 2010,Microsoft Office/14.0 (Windows NT 6.1; Microsoft Outlook 14.0.4760; Pro; ms-office; MSOffice 14),FALSE,,A016,IT,No
antonietta.zieme27789@example.com,Antonietta Zieme,Repeat ,Support,EMEA,Yes,4/12/13 21:08,No,,No,,No,,No,,,,8.8.8.8,United States,unknown,,2.0.0,,4/12/13 20:53,,Outlook 2010,Microsoft Office/14.0 (Windows NT 6.1; Microsoft Outlook 14.0.4760; Pro; ms-office; MSOffice 14),FALSE,,A020,Sales,No
hilario.lindgren44284@example.com,Hilario Lindgren,Repeat ,Public Relations,EMEA,Yes,4/12/13 21:08,No,,No,,No,,No,,,,8.8.8.8,Canada,Victoria,,2.0.0,,4/12/13 20:53,,Outlook 2010,Microsoft Office/14.0 (Windows NT 6.1; Microsoft Outlook 14.0.4760; Pro; ms-office; MSOffice 14),FALSE,,A019,Engineering,No
wilbert.bartell69228@example.com,Wilbert Bartell,Repeat ,Facilities Management,North America,Yes,4/12/13 21:08,No,,No,,No,,No,,,,8.8.8.8,Colombia,Bogotêç,,2.0.0,,4/12/13 20:53,,Outlook 2007,Mozilla/4.0 (compatible; MSIE 6.0; Windows NT 5.1; SV1; Mozilla/4.0 (compatible; MSIE 6.0; Windows NT 5.1; SV1) ; .NET CLR 1.1.4322; InfoPath.2; .NET CLR 2.0.50727; MSOffice 12),FALSE,,A003,Administration,No
jonas.dach37795@example.com,Jonas Dach,Repeat ,Senior Management,EMEA,Yes,4/12/13 21:08,No,,No,,No,,No,,,,8.8.8.8,Hong Kong,Central District,,2.0.0,,4/12/13 20:53,,Outlook 2007,Mozilla/4.0 (compatible; MSIE 6.0; Windows NT 5.1; SV1; Mozilla/4.0 (compatible; MSIE 6.0; Windows NT 5.1; SV1) ; .NET CLR 1.1.4322; InfoPath.2; .NET CLR 2.0.50727; MSOffice 12),FALSE,,A017,IT,No
maye.hermiston26804@example.com,Maye Hermiston,Repeat ,Facilities Management,South America,Yes,4/12/13 21:08,No,,No,,No,,Yes,New,4/13/13 1:02,14964,8.8.8.8,Netherlands,Utrecht,,2.0.0,,4/12/13 20:53,,Outlook 2010,Microsoft Office/14.0 (Windows NT 6.1; Microsoft Outlook 14.0.4760; Pro; ms-office; MSOffice 14),FALSE,,A002,Research,No
randy.schmidt28145@example.com,Randy Schmidt,Repeat ,Solution Engineering,North America,Yes,4/12/13 21:08,No,,No,,No,,Yes,Repeat,4/13/13 11:16,51804,8.8.8.8,unknown,unknown,,2.0.0,,4/12/13 20:53,,Outlook 2010,Microsoft Office/14.0 (Windows NT 6.1; Microsoft Outlook 14.0.4760; Pro; ms-office; MSOffice 14),FALSE,,A017,Administration,No
rebekah.glover10794@example.com,Rebekah Glover,Repeat ,Facilities Management,North America,Yes,4/12/13 21:08,No,,No,,No,,Yes,New,4/14/13 22:35,178946,8.8.8.8,United States,New Berlin,,2.0.0,,4/12/13 20:53,,Outlook 2007,Mozilla/4.0 (compatible; MSIE 6.0; Windows NT 5.1; SV1; Mozilla/4.0 (compatible; MSIE 6.0; Windows NT 5.1; SV1) ; .NET CLR 1.1.4322; InfoPath.2; .NET CLR 2.0.50727; MSOffice 12),FALSE,,A017,Administration,No
edwina.welch2330@example.com,Edwina Welch,Repeat ,Development Operations,North America,Yes,4/12/13 21:08,No,,No,,No,,No,,,,8.8.8.8,unknown,unknown,,2.0.0,,4/12/13 20:53,,Outlook 2007,Mozilla/4.0 (compatible; MSIE 6.0; Windows NT 5.1; SV1; Mozilla/4.0 (compatible; MSIE 6.0; Windows NT 5.1; SV1) ; .NET CLR 1.1.4322; InfoPath.2; .NET CLR 2.0.50727; MSOffice 12),FALSE,,A007,Marketing,No
osbaldo.marks27476@example.com,Osbaldo Marks,Repeat ,Sourcing,North America,Yes,4/12/13 21:08,No,,No,,No,,No,,,,8.8.8.8,Switzerland,unknown,,2.0.0,,4/12/13 20:53,,Outlook 2007,Mozilla/4.0 (compatible; MSIE 6.0; Windows NT 5.1; SV1; Mozilla/4.0 (compatible; MSIE 6.0; Windows NT 5.1; SV1) ; .NET CLR 1.1.4322; InfoPath.2; .NET CLR 2.0.50727; MSOffice 12),FALSE,,A001,Research,No
violet.wisozk25039@example.com,Violet Wisozk,Repeat ,Employee Training,North America,Yes,4/12/13 21:08,No,,No,,No,,No,,,,8.8.8.8,Australia,unknown,,2.0.0,,4/12/13 20:53,,Outlook 2007,Mozilla/4.0 (compatible; MSIE 6.0; Windows NT 5.1; SV1; Mozilla/4.0 (compatible; MSIE 6.0; Windows NT 5.1; SV1) ; .NET CLR 1.1.4322; InfoPath.2; .NET CLR 2.0.50727; MSOffice 12),FALSE,,A001,IT,No
francesca.tillman39531@example.com,Francesca Tillman,Repeat ,Corporate Finance,EMEA,Yes,4/12/13 21:08,No,,No,,No,,No,,,,8.8.8.8,United States,unknown,,2.0.0,,4/12/13 20:53,,Outlook 2010,Microsoft Office/14.0 (Windows NT 6.1; Microsoft Outlook 14.0.4760; Pro; ms-office; MSOffice 14),FALSE,,A004,Sales,No
river.wilderman55627@example.com,River Wilderman,Repeat ,Patents,EMEA,Yes,4/12/13 21:08,No,,No,,No,,No,,,,8.8.8.8,Germany,unknown,,2.0.0,,4/12/13 20:53,,Outlook 2010,Microsoft Office/14.0 (Windows NT 6.1; Microsoft Outlook 14.0.4760; Pro; ms-office; MSOffice 14),FALSE,,A005,Engineering,No
nels.wunsch37600@example.com,Nels Wunsch,Repeat ,Run,North America,Yes,4/12/13 21:08,No,,No,,No,,No,,,,8.8.8.8,United States,Palo Alto,,2.0.0,,4/12/13 20:53,,Outlook 2010,Microsoft Office/14.0 (Windows NT 6.1; Microsoft Outlook 14.0.4760; Pro; ms-office; MSOffice 14),FALSE,,A001,Engineering,No
juwan.russel33050@example.com,Juwan Russel,Repeat ,Public Relations,EMEA,Yes,4/12/13 21:08,No,,No,,No,,No,,,,8.8.8.8,United States,Denver,,2.0.0,,4/12/13 20:53,,Outlook 2007,Mozilla/4.0 (compatible; MSIE 6.0; Windows NT 5.1; SV1; Mozilla/4.0 (compatible; MSIE 6.0; Windows NT 5.1; SV1) ; .NET CLR 1.1.4322; InfoPath.2; .NET CLR 2.0.50727; MSOffice 12),FALSE,,A007,Marketing,No
lyda.herman53012@example.com,Lyda Herman,Repeat ,Facilities Management,South America,Yes,4/12/13 21:08,No,,No,,No,,No,,,,8.8.8.8,United States,Nashville,,2.0.0,,4/12/13 20:53,,Outlook 2010,Microsoft Office/14.0 (Windows NT 6.1; Microsoft Outlook 14.0.4760; Pro; ms-office; MSOffice 14),FALSE,,A007,IT,No
coty.lemke56165@example.com,Coty Lemke,Repeat ,Product Management,EMEA,Yes,4/12/13 21:08,No,,No,,No,,No,,,,8.8.8.8,unknown,unknown,,2.0.0,,4/12/13 20:53,,Outlook 2010,Microsoft Office/14.0 (Windows NT 6.1; Microsoft Outlook 14.0.4760; Pro; ms-office; MSOffice 14),FALSE,,A007,Sales,No
victoria.reynolds42108@example.com,Victoria Reynolds,Repeat ,Inside Sales,North America,Yes,4/12/13 21:09,Yes,4/19/13 14:40,Yes,victoria.reynolds,Yes,4/13/13 10:42,Yes,New,4/12/13 20:58,315,8.8.8.8,unknown,unknown,,2.0.0,,4/12/13 20:53,,IE 9,Mozilla/4.0 (compatible; MSIE 9.0; Windows NT 6.1 BETA),FALSE,0,A012,Administration,Yes
geo.gerlach35938@example.com,Geo Gerlach,Repeat ,Run,EMEA,Yes,4/12/13 21:09,Yes,4/12/13 23:00,Yes,geo.gerlach,Yes,4/19/13 15:29,No,,,,8.8.8.8,United States,Duluth,,2.0.0,,4/12/13 20:53,,IE 9,Mozilla/4.0 (compatible; MSIE 9.0; Windows NT 6.1 BETA),FALSE,0,A002,Legal,Yes
miller.stokes60033@example.com,Miller Stokes,Repeat ,Sourcing,South America,Yes,4/12/13 21:09,Yes,4/12/13 22:35,Yes,miller.stokes,Yes,4/12/13 22:09,No,,,,8.8.8.8,unknown,unknown,,2.0.0,,4/12/13 20:53,,IE 9,Mozilla/4.0 (compatible; MSIE 9.0; Windows NT 6.1 BETA),FALSE,0,A018,Finance,Yes
riley.lynch25314@example.com,Riley Lynch,Repeat ,Solution Engineering,North America,Yes,4/12/13 21:09,Yes,4/13/13 22:08,Yes,riley.lynch,Yes,4/12/13 21:19,No,,,,8.8.8.8,United States,Woodbridge,,2.0.0,,4/12/13 20:53,,IE 9,Mozilla/4.0 (compatible; MSIE 9.0; Windows NT 6.1 BETA),FALSE,0,A018,Administration,Yes
lilliana.trantow58818@example.com,Lilliana Trantow,Repeat ,Corporate Finance,North America,Yes,4/12/13 21:09,Yes,4/13/13 1:07,Yes,lilliana.trantow,Yes,4/12/13 21:30,No,,,,8.8.8.8,unknown,unknown,,2.0.0,,4/12/13 20:53,,iPhone,"Mozilla/5.0 (iPhone; U; CPU iPhone OS 2_1 like Mac OS X; en-us) AppleWebKit/525.18.1 (KHTML, like Gecko) Version/3.1.1 Mobile/5F136 Safari/525.20",TRUE,0,A005,Executive,Yes
london.bahringer40832@example.com,London Bahringer,Repeat ,Development Operations,North America,Yes,4/12/13 21:09,Yes,4/12/13 21:42,Yes,london.bahringer,Yes,4/13/13 3:06,No,,,,8.8.8.8,China,Guangzhou,,2.0.0,,4/12/13 20:53,,IE 9,Mozilla/4.0 (compatible; MSIE 9.0; Windows NT 6.1 BETA),FALSE,0,A003,Research,Yes
abelardo.franecki68537@example.com,Abelardo Franecki,Repeat ,Employee Training,North America,Yes,4/12/13 21:09,Yes,4/16/13 23:41,Yes,abelardo.franecki,Yes,4/12/13 22:05,No,,,,8.8.8.8,United Kingdom,Boston,,2.0.0,,4/12/13 20:53,,Android,"Mozilla/5.0 (Linux; U; Android 1.5; en-us; ADR6200 Build/CUPCAKE) AppleWebKit/528.5+ (KHTML, like Gecko) Version/3.1.2 Mobile Safari/525.20.1",TRUE,0,A016,Human Resources,Yes
cassandra.buckridge57832@example.com,Cassandra Buckridge,Repeat ,Sourcing,North America,Yes,4/12/13 21:09,Yes,4/12/13 21:38,Yes,cassandra.buckridge,Yes,4/12/13 21:48,Yes,New,4/12/13 23:43,10217,8.8.8.8,Netherlands,Utrecht,,2.0.0,,4/12/13 20:53,,BlackBerry,BlackBerry8300/4.2.2 Profile/MIDP-2.0 Configuration/CLDC-1.1 VendorID/117,TRUE,0,A005,IT,Yes
chase.spinka8551@example.com,Chase Spinka,Repeat ,Build,ASPAC,Yes,4/12/13 21:09,Yes,4/13/13 15:17,Yes,chase.spinka,Yes,4/12/13 21:54,No,,,,8.8.8.8,South Africa,Waverly,,2.0.0,,4/12/13 20:53,,IE 9,Mozilla/4.0 (compatible; MSIE 9.0; Windows NT 6.1 BETA),FALSE,0,A003,Human Resources,Yes
avis.hilll27757@example.com,Avis Hilll,Repeat ,Patents,North America,Yes,4/12/13 21:09,Yes,4/12/13 21:57,No,,No,,No,,,,8.8.8.8,United States,Durham,,2.0.0,,4/12/13 20:53,,IE 9,Mozilla/4.0 (compatible; MSIE 9.0; Windows NT 6.1 BETA),FALSE,0,A008,Legal,No
maddison.runolfsson29725@example.com,Maddison Runolfsson,Repeat ,Development Operations,North America,Yes,4/12/13 21:09,Yes,4/12/13 21:34,No,,No,,No,,,,8.8.8.8,United States,Chicago,,2.0.0,,4/12/13 20:53,,IE 9,Mozilla/4.0 (compatible; MSIE 9.0; Windows NT 6.1 BETA),FALSE,0,A010,Finance,No
oscar.hagenes38053@example.com,Oscar Hagenes,Repeat ,Tax and Compliance,South America,Yes,4/12/13 21:09,Yes,4/12/13 21:07,No,,No,,No,,,,8.8.8.8,Germany,unknown,,2.0.0,,4/12/13 20:53,,IE 9,Mozilla/4.0 (compatible; MSIE 9.0; Windows NT 6.1 BETA),FALSE,0,A016,Human Resources,No
kenton.osinski9255@example.com,Kenton Osinski,Repeat ,Public Relations,North America,Yes,4/12/13 21:09,Yes,4/12/13 22:10,No,,No,,No,,,,8.8.8.8,unknown,unknown,,2.0.0,,4/12/13 20:53,,IE 9,Mozilla/4.0 (compatible; MSIE 9.0; Windows NT 6.1 BETA),FALSE,0,A016,Legal,No
frederic.gottlieb47041@example.com,Frederic Gottlieb,Repeat ,Tax and Compliance,North America,Yes,4/12/13 21:09,Yes,4/12/13 21:38,No,,No,,No,,,,8.8.8.8,unknown,unknown,,2.0.0,,4/12/13 20:53,,Chrome 29,"Mozilla/5.0 (Macintosh; Intel Mac OS X 10_7_5) AppleWebKit/537.36 (KHTML, like Gecko) Chrome/29.0.1521.3 Safari/537.36",FALSE,0,A003,Engineering,No
trenton.kozey36428@example.com,Trenton Kozey,Repeat ,Sourcing,North America,Yes,4/12/13 21:09,Yes,4/12/13 21:09,No,,No,,No,,,,8.8.8.8,unknown,unknown,,2.0.0,,4/12/13 20:53,,IE 9,Mozilla/4.0 (compatible; MSIE 9.0; Windows NT 6.1 BETA),FALSE,0,A015,Executive,No
leatha.abbott14903@example.com,Leatha Abbott,Repeat ,Inside Sales,North America,Yes,4/12/13 21:09,Yes,4/14/13 12:22,No,,No,,No,,,,8.8.8.8,unknown,unknown,,2.0.0,,4/12/13 20:53,,IE 9,Mozilla/4.0 (compatible; MSIE 9.0; Windows NT 6.1 BETA),FALSE,0,A004,Human Resources,No
valerie.jacobson20050@example.com,Valerie Jacobson,Repeat ,Corporate Finance,North America,Yes,4/12/13 21:09,No,,No,,No,,No,,,,8.8.8.8,unknown,unknown,,2.0.0,,4/12/13 20:53,,Outlook 2010,Microsoft Office/14.0 (Windows NT 6.1; Microsoft Outlook 14.0.4760; Pro; ms-office; MSOffice 14),FALSE,,A020,Engineering,No
sally.borer8881@example.com,Sally Borer,Repeat ,Temp Staffing,North America,Yes,4/12/13 21:09,No,,No,,No,,No,,,,8.8.8.8,Japan,unknown,,2.0.0,,4/12/13 20:53,,Outlook 2007,Mozilla/4.0 (compatible; MSIE 6.0; Windows NT 5.1; SV1; Mozilla/4.0 (compatible; MSIE 6.0; Windows NT 5.1; SV1) ; .NET CLR 1.1.4322; InfoPath.2; .NET CLR 2.0.50727; MSOffice 12),FALSE,,A003,IT,No
devyn.predovic21758@example.com,Devyn Predovic,Repeat ,Facilities Management,ASPAC,Yes,4/12/13 21:09,No,,No,,No,,No,,,,8.8.8.8,United States,unknown,,2.0.0,,4/12/13 20:53,,Outlook 2007,Mozilla/4.0 (compatible; MSIE 6.0; Windows NT 5.1; SV1; Mozilla/4.0 (compatible; MSIE 6.0; Windows NT 5.1; SV1) ; .NET CLR 1.1.4322; InfoPath.2; .NET CLR 2.0.50727; MSOffice 12),FALSE,,A007,IT,No
roosevelt.mccullough17918@example.com,Roosevelt McCullough,Repeat ,Sourcing,North America,Yes,4/12/13 21:09,No,,No,,No,,No,,,,8.8.8.8,Switzerland,unknown,,2.0.0,,4/12/13 20:53,,Outlook 2010,Microsoft Office/14.0 (Windows NT 6.1; Microsoft Outlook 14.0.4760; Pro; ms-office; MSOffice 14),FALSE,,A007,Research,No
carole.considine39886@example.com,Carole Considine,Repeat ,Temp Staffing,ASPAC,Yes,4/12/13 21:09,No,,No,,No,,No,,,,8.8.8.8,unknown,unknown,,2.0.0,,4/12/13 20:53,,Outlook 2010,Microsoft Office/14.0 (Windows NT 6.1; Microsoft Outlook 14.0.4760; Pro; ms-office; MSOffice 14),FALSE,,A003,IT,No
esther.kulas65381@example.com,Esther Kulas,Repeat ,Sales Engineering,EMEA,Yes,4/12/13 21:09,No,,No,,No,,No,,,,8.8.8.8,unknown,unknown,,2.0.0,,4/12/13 20:53,,Outlook 2007,Mozilla/4.0 (compatible; MSIE 6.0; Windows NT 5.1; SV1; Mozilla/4.0 (compatible; MSIE 6.0; Windows NT 5.1; SV1) ; .NET CLR 1.1.4322; InfoPath.2; .NET CLR 2.0.50727; MSOffice 12),FALSE,,A001,Engineering,No
mittie.krajcik41558@example.com,Mittie Krajcik,Repeat ,Sales Engineering,North America,Yes,4/12/13 21:09,No,,No,,No,,No,,,,8.8.8.8,United States,Columbus,,2.0.0,,4/12/13 20:53,,Outlook 2010,Microsoft Office/14.0 (Windows NT 6.1; Microsoft Outlook 14.0.4760; Pro; ms-office; MSOffice 14),FALSE,,A005,Research,No
colin.batz66819@example.com,Colin Batz,Repeat ,Benefits Administration,EMEA,Yes,4/12/13 21:09,No,,No,,No,,No,,,,8.8.8.8,United States,unknown,,2.0.0,,4/12/13 20:53,,Outlook 2007,Mozilla/4.0 (compatible; MSIE 6.0; Windows NT 5.1; SV1; Mozilla/4.0 (compatible; MSIE 6.0; Windows NT 5.1; SV1) ; .NET CLR 1.1.4322; InfoPath.2; .NET CLR 2.0.50727; MSOffice 12),FALSE,,A014,Legal,No
anita.marks7722@example.com,Anita Marks,Repeat ,Temp Staffing,ASPAC,Yes,4/12/13 21:09,No,,No,,No,,No,,,,8.8.8.8,United States,Fort Huachuca,,2.0.0,,4/12/13 20:53,,Outlook 2007,Mozilla/4.0 (compatible; MSIE 6.0; Windows NT 5.1; SV1; Mozilla/4.0 (compatible; MSIE 6.0; Windows NT 5.1; SV1) ; .NET CLR 1.1.4322; InfoPath.2; .NET CLR 2.0.50727; MSOffice 12),FALSE,,A012,Marketing,No
elsie.ernser20748@example.com,Elsie Ernser,Repeat ,Temp Staffing,South America,Yes,4/12/13 21:09,No,,No,,No,,No,,,,8.8.8.8,United States,Fort Huachuca,,2.0.0,,4/12/13 20:53,,Outlook 2013,Mozilla/4.0 (compatible; MSIE 7.0; Windows NT 6.1; WOW64; Trident/5.0; SLCC2; .NET CLR 2.0.50727; .NET CLR 3.5.30729; .NET CLR 3.0.30729; Media Center PC 6.0; .NET4.0C; .NET4.0E; Microsoft Outlook 15.0.4128; ms-office; MSOffice 15),FALSE,,A007,IT,No
king.thompson68742@example.com,King Thompson,Repeat ,Support,EMEA,Yes,4/12/13 21:09,No,,No,,No,,No,,,,8.8.8.8,Hong Kong,Central District,,2.0.0,,4/12/13 20:53,,Outlook 2007,Mozilla/4.0 (compatible; MSIE 6.0; Windows NT 5.1; SV1; Mozilla/4.0 (compatible; MSIE 6.0; Windows NT 5.1; SV1) ; .NET CLR 1.1.4322; InfoPath.2; .NET CLR 2.0.50727; MSOffice 12),FALSE,,A012,Marketing,No
vincent.wolff23860@example.com,Vincent Wolff,Repeat ,Support,EMEA,Yes,4/12/13 21:09,No,,No,,No,,No,,,,8.8.8.8,United States,Denver,,2.0.0,,4/12/13 20:53,,Outlook 2007,Mozilla/4.0 (compatible; MSIE 6.0; Windows NT 5.1; SV1; Mozilla/4.0 (compatible; MSIE 6.0; Windows NT 5.1; SV1) ; .NET CLR 1.1.4322; InfoPath.2; .NET CLR 2.0.50727; MSOffice 12),FALSE,,A014,IT,No
victoria.schuppe55975@example.com,Victoria Schuppe,Repeat ,Product Management,North America,Yes,4/12/13 21:10,Yes,4/13/13 0:46,Yes,victoria.schuppe,Yes,4/12/13 22:17,No,,,,8.8.8.8,unknown,unknown,,2.0.0,,4/12/13 20:53,,IE 9,Mozilla/4.0 (compatible; MSIE 9.0; Windows NT 6.1 BETA),FALSE,0,A012,Finance,Yes
reinhold.watsica68464@example.com,Reinhold Watsica,Repeat ,General Counsel,North America,Yes,4/12/13 21:10,Yes,4/13/13 10:52,Yes,reinhold.watsica,Yes,4/13/13 5:27,No,,,,8.8.8.8,unknown,unknown,,2.0.0,,4/12/13 20:53,,IE 9,Mozilla/4.0 (compatible; MSIE 9.0; Windows NT 6.1 BETA),FALSE,0,A019,Finance,Yes
trinity.goodwin25212@example.com,Trinity Goodwin,Repeat ,Run,North America,Yes,4/12/13 21:10,Yes,4/12/13 21:29,Yes,trinity.goodwin,Yes,4/13/13 2:13,No,,,,8.8.8.8,unknown,unknown,,2.0.0,,4/12/13 20:53,,IE 9,Mozilla/4.0 (compatible; MSIE 9.0; Windows NT 6.1 BETA),FALSE,0,A010,Legal,Yes
rose.feest15468@example.com,Rose Feest,Repeat ,Asset Management,North America,Yes,4/12/13 21:10,Yes,4/12/13 22:07,Yes,rose.feest,Yes,4/12/13 21:17,No,,,,8.8.8.8,unknown,unknown,,2.0.0,,4/12/13 20:53,,IE 9,Mozilla/4.0 (compatible; MSIE 9.0; Windows NT 6.1 BETA),FALSE,0,A005,Executive,Yes
elvie.torp4315@example.com,Elvie Torp,Repeat ,Build,North America,Yes,4/12/13 21:10,Yes,4/12/13 21:44,Yes,elvie.torp,Yes,4/12/13 21:08,Yes,Repeat,4/13/13 3:41,24473,8.8.8.8,United States,Chicago,,2.0.0,,4/12/13 20:53,,IE 9,Mozilla/4.0 (compatible; MSIE 9.0; Windows NT 6.1 BETA),FALSE,0,A016,Legal,Yes
vickie.kihn46147@example.com,Vickie Kihn,Repeat ,Public Relations,North America,Yes,4/12/13 21:10,Yes,4/12/13 21:54,Yes,vickie.kihn,Yes,4/13/13 3:45,Yes,New,4/14/13 4:19,113143,8.8.8.8,unknown,unknown,,2.0.0,,4/12/13 20:53,,IE 9,Mozilla/4.0 (compatible; MSIE 9.0; Windows NT 6.1 BETA),FALSE,0,A016,Finance,Yes
ollie.nicolas14762@example.com,Ollie Nicolas,Repeat ,Build,EMEA,Yes,4/12/13 21:10,Yes,4/12/13 21:35,Yes,ollie.nicolas,Yes,4/12/13 21:33,No,,,,8.8.8.8,unknown,unknown,,2.0.0,,4/12/13 20:53,,IE 9,Mozilla/4.0 (compatible; MSIE 9.0; Windows NT 6.1 BETA),FALSE,0,A002,Legal,Yes
cindy.moen66640@example.com,Cindy Moen,Repeat ,Sourcing,North America,Yes,4/12/13 21:10,Yes,4/12/13 21:32,Yes,cindy.moen,Yes,4/13/13 14:52,No,,,,8.8.8.8,China,Guangzhou,,2.0.0,,4/12/13 20:53,,IE 9,Mozilla/4.0 (compatible; MSIE 9.0; Windows NT 6.1 BETA),FALSE,0,A019,Sales,Yes
johnnie.bogisich17482@example.com,Johnnie Bogisich,Repeat ,Patents,North America,Yes,4/12/13 21:10,Yes,4/13/13 4:33,Yes,johnnie.bogisich,Yes,4/12/13 21:42,No,,,,8.8.8.8,unknown,unknown,,2.0.0,,4/12/13 20:53,,IE 9,Mozilla/4.0 (compatible; MSIE 9.0; Windows NT 6.1 BETA),FALSE,0,A019,Legal,Yes
jayne.schinner10033@example.com,Jayne Schinner,Repeat ,Tax and Compliance,EMEA,Yes,4/12/13 21:10,Yes,4/13/13 3:37,No,,No,,No,,,,8.8.8.8,Colombia,Bogotêç,,2.0.0,,4/12/13 20:53,,IE 9,Mozilla/4.0 (compatible; MSIE 9.0; Windows NT 6.1 BETA),FALSE,0,A016,Legal,No
christa.herman8595@example.com,Christa Herman,Repeat ,Run,EMEA,Yes,4/12/13 21:10,Yes,4/13/13 20:43,No,,No,,No,,,,8.8.8.8,United States,Fort Huachuca,,2.0.0,,4/12/13 20:53,,IE 9,Mozilla/4.0 (compatible; MSIE 9.0; Windows NT 6.1 BETA),FALSE,0,A012,Administration,No
celine.terry44481@example.com,Celine Terry,Repeat ,Run,North America,Yes,4/12/13 21:10,Yes,4/12/13 22:25,No,,No,,No,,,,8.8.8.8,Germany,unknown,,2.0.0,,4/12/13 20:53,,IE 9,Mozilla/4.0 (compatible; MSIE 9.0; Windows NT 6.1 BETA),FALSE,0,A008,Engineering,No
ronaldo.corkery31229@example.com,Ronaldo Corkery,Repeat ,Run,North America,Yes,4/12/13 21:10,Yes,4/12/13 23:16,No,,No,,No,,,,8.8.8.8,United States,Cleveland,,2.0.0,,4/12/13 20:53,,IE 9,Mozilla/4.0 (compatible; MSIE 9.0; Windows NT 6.1 BETA),FALSE,0,A018,Finance,No
deborah.larkin42040@example.com,Deborah Larkin,Repeat ,Sourcing,North America,Yes,4/12/13 21:10,Yes,4/12/13 21:18,No,,No,,No,,,,8.8.8.8,Canada,Victoria,,2.0.0,,4/12/13 20:53,,IE 9,Mozilla/4.0 (compatible; MSIE 9.0; Windows NT 6.1 BETA),FALSE,0,A017,Legal,No
dawson.crooks52978@example.com,Dawson Crooks,Repeat ,Solution Engineering,South America,Yes,4/12/13 21:10,Yes,4/13/13 10:44,No,,No,,No,,,,8.8.8.8,United States,unknown,,2.0.0,,4/12/13 20:53,,IE 9,Mozilla/4.0 (compatible; MSIE 9.0; Windows NT 6.1 BETA),FALSE,0,A017,Engineering,No
eloise.mcclure37271@example.com,Eloise McClure,Repeat ,Temp Staffing,North America,Yes,4/12/13 21:10,Yes,4/16/13 20:42,No,,No,,No,,,,8.8.8.8,Colombia,Bogotêç,,2.0.0,,4/12/13 20:53,,IE 9,Mozilla/4.0 (compatible; MSIE 9.0; Windows NT 6.1 BETA),FALSE,0,A016,Legal,No
maxime.beahan10164@example.com,Maxime Beahan,Repeat ,Sourcing,North America,Yes,4/12/13 21:10,No,,No,,No,,No,,,,8.8.8.8,United States,Chicago,,2.0.0,,4/12/13 20:53,,Outlook 2007,Mozilla/4.0 (compatible; MSIE 6.0; Windows NT 5.1; SV1; Mozilla/4.0 (compatible; MSIE 6.0; Windows NT 5.1; SV1) ; .NET CLR 1.1.4322; InfoPath.2; .NET CLR 2.0.50727; MSOffice 12),FALSE,,A010,Administration,No
mozelle.schmidt15668@example.com,Mozelle Schmidt,Repeat ,Public Relations,South America,Yes,4/12/13 21:10,No,,No,,No,,No,,,,8.8.8.8,unknown,unknown,,2.0.0,,4/12/13 20:53,,Outlook 2010,Microsoft Office/14.0 (Windows NT 6.1; Microsoft Outlook 14.0.4760; Pro; ms-office; MSOffice 14),FALSE,,A007,IT,No
zachery.kling35532@example.com,Zachery Kling,Repeat ,Executive Support,North America,Yes,4/12/13 21:10,No,,No,,No,,No,,,,8.8.8.8,United Kingdom,Boston,,2.0.0,,4/12/13 20:53,,Outlook 2010,Microsoft Office/14.0 (Windows NT 6.1; Microsoft Outlook 14.0.4760; Pro; ms-office; MSOffice 14),FALSE,,A017,IT,No
jaime.berge40107@example.com,Jaime Berge,Repeat ,Employee Training,EMEA,Yes,4/12/13 21:10,No,,No,,No,,No,,,,8.8.8.8,Finland,unknown,,2.0.0,,4/12/13 20:53,,Outlook 2010,Microsoft Office/14.0 (Windows NT 6.1; Microsoft Outlook 14.0.4760; Pro; ms-office; MSOffice 14),FALSE,,A008,Research,No
aniya.dietrich7491@example.com,Aniya Dietrich,Repeat ,Support,South America,Yes,4/12/13 21:10,No,,No,,No,,No,,,,8.8.8.8,Germany,unknown,,2.0.0,,4/12/13 20:53,,Outlook 2010,Microsoft Office/14.0 (Windows NT 6.1; Microsoft Outlook 14.0.4760; Pro; ms-office; MSOffice 14),FALSE,,A005,Research,No
faustino.cormier42648@example.com,Faustino Cormier,Repeat ,Temp Staffing,EMEA,Yes,4/12/13 21:10,No,,No,,No,,No,,,,8.8.8.8,Switzerland,unknown,,2.0.0,,4/12/13 20:53,,Outlook 2010,Microsoft Office/14.0 (Windows NT 6.1; Microsoft Outlook 14.0.4760; Pro; ms-office; MSOffice 14),FALSE,,A001,Engineering,No
kasandra.skiles69848@example.com,Kasandra Skiles,Repeat ,Employee Training,South America,Yes,4/12/13 21:10,No,,No,,No,,No,,,,8.8.8.8,unknown,unknown,,2.0.0,,4/12/13 20:53,,Outlook 2007,Mozilla/4.0 (compatible; MSIE 6.0; Windows NT 5.1; SV1; Mozilla/4.0 (compatible; MSIE 6.0; Windows NT 5.1; SV1) ; .NET CLR 1.1.4322; InfoPath.2; .NET CLR 2.0.50727; MSOffice 12),FALSE,,A007,Executive,No
nathanael.cruickshank49990@example.com,Nathanael Cruickshank,Repeat ,Sourcing,EMEA,Yes,4/12/13 21:10,No,,No,,No,,No,,,,8.8.8.8,Hong Kong,Central District,,2.0.0,,4/12/13 20:53,,Outlook 2007,Mozilla/4.0 (compatible; MSIE 6.0; Windows NT 5.1; SV1; Mozilla/4.0 (compatible; MSIE 6.0; Windows NT 5.1; SV1) ; .NET CLR 1.1.4322; InfoPath.2; .NET CLR 2.0.50727; MSOffice 12),FALSE,,A017,Administration,No
nels.johnson20052@example.com,Nels Johnson,Repeat ,Executive Support,EMEA,Yes,4/12/13 21:10,No,,No,,No,,No,,,,8.8.8.8,unknown,unknown,,2.0.0,,4/12/13 20:53,,Outlook 2007,Mozilla/4.0 (compatible; MSIE 6.0; Windows NT 5.1; SV1; Mozilla/4.0 (compatible; MSIE 6.0; Windows NT 5.1; SV1) ; .NET CLR 1.1.4322; InfoPath.2; .NET CLR 2.0.50727; MSOffice 12),FALSE,,A007,Engineering,No
dell.moen52734@example.com,Dell Moen,Repeat ,Corporate Finance,North America,Yes,4/12/13 21:10,No,,No,,No,,No,,,,8.8.8.8,United Kingdom,Atherstone,,2.0.0,,4/12/13 20:53,,Outlook 2007,Mozilla/4.0 (compatible; MSIE 6.0; Windows NT 5.1; SV1; Mozilla/4.0 (compatible; MSIE 6.0; Windows NT 5.1; SV1) ; .NET CLR 1.1.4322; InfoPath.2; .NET CLR 2.0.50727; MSOffice 12),FALSE,,A016,Research,No
durward.jewess25358@example.com,Durward Jewess,Repeat ,Support,South America,Yes,4/12/13 21:10,No,,No,,No,,No,,,,8.8.8.8,United States,Chicago,,2.0.0,,4/12/13 20:53,,Outlook 2007,Mozilla/4.0 (compatible; MSIE 6.0; Windows NT 5.1; SV1; Mozilla/4.0 (compatible; MSIE 6.0; Windows NT 5.1; SV1) ; .NET CLR 1.1.4322; InfoPath.2; .NET CLR 2.0.50727; MSOffice 12),FALSE,,A007,Administration,No
carmella.romaguera18018@example.com,Carmella Romaguera,Repeat ,Product Marketing,South America,Yes,4/12/13 21:10,No,,No,,No,,No,,,,8.8.8.8,unknown,unknown,,2.0.0,,4/12/13 20:53,,Outlook 2010,Microsoft Office/14.0 (Windows NT 6.1; Microsoft Outlook 14.0.4760; Pro; ms-office; MSOffice 14),FALSE,,A007,IT,No
savannah.schneider58554@example.com,Savannah Schneider,Repeat ,Facilities Management,South America,Yes,4/12/13 21:10,No,,No,,No,,No,,,,8.8.8.8,United States,Columbus,,2.0.0,,4/12/13 20:53,,Outlook 2010,Microsoft Office/14.0 (Windows NT 6.1; Microsoft Outlook 14.0.4760; Pro; ms-office; MSOffice 14),FALSE,,A001,Engineering,No
branson.boehm62786@example.com,Branson Boehm,Repeat ,Sourcing,EMEA,Yes,4/12/13 21:10,No,,No,,No,,Yes,New,4/13/13 6:47,35625,8.8.8.8,France,Paris,,2.0.0,,4/12/13 20:53,,Outlook 2007,Mozilla/4.0 (compatible; MSIE 6.0; Windows NT 5.1; SV1; Mozilla/4.0 (compatible; MSIE 6.0; Windows NT 5.1; SV1) ; .NET CLR 1.1.4322; InfoPath.2; .NET CLR 2.0.50727; MSOffice 12),FALSE,,A007,Administration,No
efrain.homenick58811@example.com,Efrain Homenick,Repeat ,Sourcing,South America,Yes,4/12/13 21:10,No,,No,,No,,No,,,,8.8.8.8,United States,Woodbridge,,2.0.0,,4/12/13 20:53,,Outlook 2010,Microsoft Office/14.0 (Windows NT 6.1; Microsoft Outlook 14.0.4760; Pro; ms-office; MSOffice 14),FALSE,,A007,Administration,No
helen.gerlach52078@example.com,Helen Gerlach,Repeat ,Senior Management,EMEA,Yes,4/12/13 21:10,No,,No,,No,,Yes,Repeat,4/12/13 23:33,9604,8.8.8.8,India,unknown,,2.0.0,,4/12/13 20:53,,Outlook 2010,Microsoft Office/14.0 (Windows NT 6.1; Microsoft Outlook 14.0.4760; Pro; ms-office; MSOffice 14),FALSE,,A007,Finance,No
margarete.legros32606@example.com,Margarete Legros,Repeat ,Run,ASPAC,Yes,4/12/13 21:11,Yes,4/17/13 12:37,Yes,margarete.legros,Yes,4/12/13 21:48,No,,,,8.8.8.8,United States,New Berlin,,2.0.0,,4/12/13 20:53,,IE 9,Mozilla/4.0 (compatible; MSIE 9.0; Windows NT 6.1 BETA),FALSE,0,A009,Legal,Yes
lelia.dickinson66997@example.com,Lelia Dickinson,Repeat ,Executive Support,North America,Yes,4/12/13 21:11,Yes,4/12/13 22:27,Yes,lelia.dickinson,Yes,4/12/13 21:48,No,,,,8.8.8.8,unknown,unknown,,2.0.0,,4/12/13 20:53,,IE 9,Mozilla/4.0 (compatible; MSIE 9.0; Windows NT 6.1 BETA),FALSE,0,A012,Administration,Yes
cortney.jenkins56567@example.com,Cortney Jenkins,Repeat ,General Counsel,North America,Yes,4/12/13 21:11,Yes,4/12/13 21:26,Yes,cortney.jenkins,Yes,4/13/13 0:59,No,,,,8.8.8.8,United States,Duluth,,2.0.0,,4/12/13 20:53,,IE 9,Mozilla/4.0 (compatible; MSIE 9.0; Windows NT 6.1 BETA),FALSE,0,A003,Engineering,Yes
stewart.klocko23589@example.com,Stewart Klocko,Repeat ,Employee Training,North America,Yes,4/12/13 21:11,Yes,4/12/13 22:08,Yes,stewart.klocko,Yes,4/12/13 21:53,No,,,,8.8.8.8,"Korea, Republic of",unknown,,2.0.0,,4/12/13 20:53,,IE 9,Mozilla/4.0 (compatible; MSIE 9.0; Windows NT 6.1 BETA),FALSE,0,A014,Engineering,Yes
ebba.fadel19295@example.com,Ebba Fadel,Repeat ,Sales,South America,Yes,4/12/13 21:11,Yes,4/12/13 21:14,Yes,ebba.fadel,Yes,4/12/13 21:25,No,,,,8.8.8.8,United States,Cleveland,,2.0.0,,4/12/13 20:53,,IE 9,Mozilla/4.0 (compatible; MSIE 9.0; Windows NT 6.1 BETA),FALSE,0,A009,Human Resources,Yes
larissa.rogahn56002@example.com,Larissa Rogahn,Repeat ,Sourcing,EMEA,Yes,4/12/13 21:11,Yes,4/13/13 1:39,Yes,larissa.rogahn,Yes,4/13/13 1:52,No,,,,8.8.8.8,"Korea, Republic of",unknown,,2.0.0,,4/12/13 20:53,,BlackBerry,BlackBerry8300/4.2.2 Profile/MIDP-2.0 Configuration/CLDC-1.1 VendorID/117,TRUE,0,A010,Administration,Yes
luther.lang59594@example.com,Luther Lang,Repeat ,General Counsel,North America,Yes,4/12/13 21:11,Yes,4/14/13 17:00,Yes,luther.lang,Yes,4/12/13 23:05,No,,,,8.8.8.8,Finland,unknown,,2.0.0,,4/12/13 20:53,,IE 9,Mozilla/4.0 (compatible; MSIE 9.0; Windows NT 6.1 BETA),FALSE,0,A019,Legal,Yes
thelma.leannon7198@example.com,Thelma Leannon,Repeat ,Run,North America,Yes,4/12/13 21:11,Yes,4/13/13 2:46,No,,No,,No,,,,8.8.8.8,United States,Nashville,,2.0.0,,4/12/13 20:53,,iPhone,"Mozilla/5.0 (iPhone; U; CPU iPhone OS 2_1 like Mac OS X; en-us) AppleWebKit/525.18.1 (KHTML, like Gecko) Version/3.1.1 Mobile/5F136 Safari/525.20",TRUE,0,A017,Executive,No
maritza.reynolds29502@example.com,Maritza Reynolds,Repeat ,Employee Training,North America,Yes,4/12/13 21:11,Yes,4/12/13 21:11,No,,No,,No,,,,8.8.8.8,United Kingdom,Atherstone,,2.0.0,,4/12/13 20:53,,Chrome 29,"Mozilla/5.0 (Macintosh; Intel Mac OS X 10_7_5) AppleWebKit/537.36 (KHTML, like Gecko) Chrome/29.0.1521.3 Safari/537.36",FALSE,0,A008,Research,No
santa.padberg1081@example.com,Santa Padberg,Repeat ,Inside Sales,North America,Yes,4/12/13 21:11,Yes,4/12/13 22:51,No,,No,,No,,,,8.8.8.8,China,Guangzhou,,2.0.0,,4/12/13 20:53,,IE 9,Mozilla/4.0 (compatible; MSIE 9.0; Windows NT 6.1 BETA),FALSE,0,A017,Human Resources,No
edna.mayer55833@example.com,Edna Mayer,Repeat ,Build,North America,Yes,4/12/13 21:11,Yes,4/13/13 3:26,No,,No,,No,,,,8.8.8.8,United States,Newark,,2.0.0,,4/12/13 20:53,,IE 9,Mozilla/4.0 (compatible; MSIE 9.0; Windows NT 6.1 BETA),FALSE,0,A012,Research,No
dillan.schulist15502@example.com,Dillan Schulist,Repeat ,Executive Support,North America,Yes,4/12/13 21:11,Yes,4/14/13 9:29,No,,No,,No,,,,8.8.8.8,United States,unknown,,2.0.0,,4/12/13 20:53,,BlackBerry,BlackBerry8300/4.2.2 Profile/MIDP-2.0 Configuration/CLDC-1.1 VendorID/117,TRUE,0,A017,Human Resources,No
mallie.collier64628@example.com,Mallie Collier,Repeat ,Benefits Administration,North America,Yes,4/12/13 21:11,Yes,4/12/13 22:07,No,,No,,No,,,,8.8.8.8,Canada,Victoria,,2.0.0,,4/12/13 20:53,,Android,"Mozilla/5.0 (Linux; U; Android 1.5; en-us; ADR6200 Build/CUPCAKE) AppleWebKit/528.5+ (KHTML, like Gecko) Version/3.1.2 Mobile Safari/525.20.1",TRUE,0,A017,Executive,No
justine.hintz6520@example.com,Justine Hintz,Repeat ,Corporate Finance,North America,Yes,4/12/13 21:11,Yes,4/12/13 23:49,No,,No,,No,,,,8.8.8.8,Netherlands,Utrecht,,2.0.0,,4/12/13 20:53,,Chrome 29,"Mozilla/5.0 (Macintosh; Intel Mac OS X 10_7_5) AppleWebKit/537.36 (KHTML, like Gecko) Chrome/29.0.1521.3 Safari/537.36",FALSE,0,A012,Marketing,No
miller.hilpert20137@example.com,Miller Hilpert,Repeat ,Facilities Management,South America,Yes,4/12/13 21:11,Yes,4/13/13 2:42,No,,No,,No,,,,8.8.8.8,United States,Cleveland,,2.0.0,,4/12/13 20:53,,IE 9,Mozilla/4.0 (compatible; MSIE 9.0; Windows NT 6.1 BETA),FALSE,0,A018,Engineering,No
seth.cummerata29265@example.com,Seth Cummerata,Repeat ,Executive Support,EMEA,Yes,4/12/13 21:11,No,,No,,No,,No,,,,8.8.8.8,unknown,unknown,,2.0.0,,4/12/13 20:53,,Outlook 2010,Microsoft Office/14.0 (Windows NT 6.1; Microsoft Outlook 14.0.4760; Pro; ms-office; MSOffice 14),FALSE,,A007,Executive,No
horace.douglas61061@example.com,Horace Douglas,Repeat ,Temp Staffing,EMEA,Yes,4/12/13 21:11,No,,No,,No,,No,,,,8.8.8.8,Germany,unknown,,2.0.0,,4/12/13 20:53,,Outlook 2007,Mozilla/4.0 (compatible; MSIE 6.0; Windows NT 5.1; SV1; Mozilla/4.0 (compatible; MSIE 6.0; Windows NT 5.1; SV1) ; .NET CLR 1.1.4322; InfoPath.2; .NET CLR 2.0.50727; MSOffice 12),FALSE,,A007,IT,No
amelie.schuppe10827@example.com,Amelie Schuppe,Repeat ,Facilities Management,EMEA,Yes,4/12/13 21:11,No,,No,,No,,Yes,New,4/13/13 2:11,19104,8.8.8.8,United States,unknown,,2.0.0,,4/12/13 20:53,,Outlook 2007,Mozilla/4.0 (compatible; MSIE 6.0; Windows NT 5.1; SV1; Mozilla/4.0 (compatible; MSIE 6.0; Windows NT 5.1; SV1) ; .NET CLR 1.1.4322; InfoPath.2; .NET CLR 2.0.50727; MSOffice 12),FALSE,,A017,Administration,No
ross.spencer57363@example.com,Ross Spencer,Repeat ,Development Operations,EMEA,Yes,4/12/13 21:11,No,,No,,No,,No,,,,8.8.8.8,unknown,unknown,,2.0.0,,4/12/13 20:53,,Outlook 2010,Microsoft Office/14.0 (Windows NT 6.1; Microsoft Outlook 14.0.4760; Pro; ms-office; MSOffice 14),FALSE,,A003,IT,No
jovan.kassulke6041@example.com,Jovan Kassulke,Repeat ,Support,EMEA,Yes,4/12/13 21:11,No,,No,,No,,No,,,,8.8.8.8,Colombia,Bogotêç,,2.0.0,,4/12/13 20:53,,Outlook 2007,Mozilla/4.0 (compatible; MSIE 6.0; Windows NT 5.1; SV1; Mozilla/4.0 (compatible; MSIE 6.0; Windows NT 5.1; SV1) ; .NET CLR 1.1.4322; InfoPath.2; .NET CLR 2.0.50727; MSOffice 12),FALSE,,A005,Administration,No
rosa.quigley58389@example.com,Rosa Quigley,Repeat ,Development Operations,South America,Yes,4/12/13 21:11,No,,No,,No,,No,,,,8.8.8.8,India,unknown,,2.0.0,,4/12/13 20:53,,Outlook 2007,Mozilla/4.0 (compatible; MSIE 6.0; Windows NT 5.1; SV1; Mozilla/4.0 (compatible; MSIE 6.0; Windows NT 5.1; SV1) ; .NET CLR 1.1.4322; InfoPath.2; .NET CLR 2.0.50727; MSOffice 12),FALSE,,A004,Executive,No
noelia.franecki60562@example.com,Noelia Franecki,Repeat ,Run,EMEA,Yes,4/12/13 21:11,No,,No,,No,,No,,,,8.8.8.8,United States,Palo Alto,,2.0.0,,4/12/13 20:53,,Outlook 2010,Microsoft Office/14.0 (Windows NT 6.1; Microsoft Outlook 14.0.4760; Pro; ms-office; MSOffice 14),FALSE,,A018,IT,No
gertrude.sporer40328@example.com,Gertrude Sporer,Repeat ,Product Marketing,North America,Yes,4/12/13 21:11,No,,No,,No,,No,,,,8.8.8.8,India,unknown,,2.0.0,,4/12/13 20:53,,Outlook 2007,Mozilla/4.0 (compatible; MSIE 6.0; Windows NT 5.1; SV1; Mozilla/4.0 (compatible; MSIE 6.0; Windows NT 5.1; SV1) ; .NET CLR 1.1.4322; InfoPath.2; .NET CLR 2.0.50727; MSOffice 12),FALSE,,A017,Engineering,No
eldora.gutmann25364@example.com,Eldora Gutmann,Repeat ,General Counsel,EMEA,Yes,4/12/13 21:11,No,,No,,No,,No,,,,8.8.8.8,Colombia,Bogotêç,,2.0.0,,4/12/13 20:53,,Outlook 2010,Microsoft Office/14.0 (Windows NT 6.1; Microsoft Outlook 14.0.4760; Pro; ms-office; MSOffice 14),FALSE,,A020,Administration,No
garth.schneider48379@example.com,Garth Schneider,Repeat ,Run,EMEA,Yes,4/12/13 21:11,No,,No,,No,,No,,,,8.8.8.8,United States,Nashville,,2.0.0,,4/12/13 20:53,,Outlook 2007,Mozilla/4.0 (compatible; MSIE 6.0; Windows NT 5.1; SV1; Mozilla/4.0 (compatible; MSIE 6.0; Windows NT 5.1; SV1) ; .NET CLR 1.1.4322; InfoPath.2; .NET CLR 2.0.50727; MSOffice 12),FALSE,,A004,IT,No
esperanza.beatty53414@example.com,Esperanza Beatty,Repeat ,Support,EMEA,Yes,4/12/13 21:11,No,,No,,No,,No,,,,8.8.8.8,United States,Duluth,,2.0.0,,4/12/13 20:53,,Outlook 2007,Mozilla/4.0 (compatible; MSIE 6.0; Windows NT 5.1; SV1; Mozilla/4.0 (compatible; MSIE 6.0; Windows NT 5.1; SV1) ; .NET CLR 1.1.4322; InfoPath.2; .NET CLR 2.0.50727; MSOffice 12),FALSE,,A020,IT,No
hollis.veum65696@example.com,Hollis Veum,Repeat ,Support,North America,Yes,4/12/13 21:11,No,,No,,No,,No,,,,8.8.8.8,United States,Nashville,,2.0.0,,4/12/13 20:53,,Outlook 2010,Microsoft Office/14.0 (Windows NT 6.1; Microsoft Outlook 14.0.4760; Pro; ms-office; MSOffice 14),FALSE,,A014,Research,No
leopoldo.mccullough14346@example.com,Leopoldo McCullough,Repeat ,Support,North America,Yes,4/12/13 21:11,No,,No,,No,,No,,,,8.8.8.8,Germany,unknown,,2.0.0,,4/12/13 20:53,,Outlook 2007,Mozilla/4.0 (compatible; MSIE 6.0; Windows NT 5.1; SV1; Mozilla/4.0 (compatible; MSIE 6.0; Windows NT 5.1; SV1) ; .NET CLR 1.1.4322; InfoPath.2; .NET CLR 2.0.50727; MSOffice 12),FALSE,,A012,IT,No
brice.dach11236@example.com,Brice Dach,Repeat ,Temp Staffing,ASPAC,Yes,4/12/13 21:11,No,,No,,No,,No,,,,8.8.8.8,United States,San Francisco,,2.0.0,,4/12/13 20:53,,Outlook 2010,Microsoft Office/14.0 (Windows NT 6.1; Microsoft Outlook 14.0.4760; Pro; ms-office; MSOffice 14),FALSE,,A017,Administration,No
mervin.abbott41190@example.com,Mervin Abbott,Repeat ,Outside Sales,South America,Yes,4/12/13 21:11,No,,No,,No,,No,,,,8.8.8.8,United States,unknown,,2.0.0,,4/12/13 20:53,,Outlook 2010,Microsoft Office/14.0 (Windows NT 6.1; Microsoft Outlook 14.0.4760; Pro; ms-office; MSOffice 14),FALSE,,A005,Sales,No
myriam.labadie6172@example.com,Myriam Labadie,Repeat ,Temp Staffing,North America,Yes,4/12/13 21:11,No,,No,,No,,No,,,,8.8.8.8,United States,Norwalk,,2.0.0,,4/12/13 20:53,,Outlook 2010,Microsoft Office/14.0 (Windows NT 6.1; Microsoft Outlook 14.0.4760; Pro; ms-office; MSOffice 14),FALSE,,A005,Engineering,No
janiya.langosh69963@example.com,Janiya Langosh,Repeat ,Product Management,South America,Yes,4/12/13 21:11,No,,No,,No,,No,,,,8.8.8.8,Germany,unknown,,2.0.0,,4/12/13 20:53,,Outlook 2007,Mozilla/4.0 (compatible; MSIE 6.0; Windows NT 5.1; SV1; Mozilla/4.0 (compatible; MSIE 6.0; Windows NT 5.1; SV1) ; .NET CLR 1.1.4322; InfoPath.2; .NET CLR 2.0.50727; MSOffice 12),FALSE,,A007,Legal,No
brennan.weissnat54559@example.com,Brennan Weissnat,Repeat ,Public Relations,North America,Yes,4/12/13 21:11,No,,No,,No,,No,,,,8.8.8.8,United States,unknown,,2.0.0,,4/12/13 20:53,,Outlook 2010,Microsoft Office/14.0 (Windows NT 6.1; Microsoft Outlook 14.0.4760; Pro; ms-office; MSOffice 14),FALSE,,A004,Marketing,No
joanny.cummings37334@example.com,Joanny Cummings,Repeat ,Run,North America,Yes,4/12/13 21:12,Yes,4/12/13 21:17,Yes,joanny.cummings,Yes,4/12/13 21:30,Yes,New,4/18/13 22:15,523296,8.8.8.8,United States,New Berlin,,2.0.0,,4/12/13 20:53,,IE 9,Mozilla/4.0 (compatible; MSIE 9.0; Windows NT 6.1 BETA),FALSE,0,A004,Human Resources,Yes
felton.huel31864@example.com,Felton Huel,Repeat ,Senior Management,EMEA,Yes,4/12/13 21:12,Yes,4/19/13 6:01,Yes,felton.huel,Yes,4/13/13 14:17,No,,,,8.8.8.8,United States,Denver,,2.0.0,,4/12/13 20:53,,IE 9,Mozilla/4.0 (compatible; MSIE 9.0; Windows NT 6.1 BETA),FALSE,0,A003,Legal,Yes
winnifred.hodkiewicz70322@example.com,Winnifred Hodkiewicz,Repeat ,Sales,North America,Yes,4/12/13 21:12,Yes,4/15/13 23:41,Yes,winnifred.hodkiewicz,Yes,4/12/13 23:08,No,,,,8.8.8.8,United States,Austin,,2.0.0,,4/12/13 20:53,,IE 9,Mozilla/4.0 (compatible; MSIE 9.0; Windows NT 6.1 BETA),FALSE,0,A003,Administration,Yes
jake.hoppe4665@example.com,Jake Hoppe,Repeat ,Temp Staffing,North America,Yes,4/12/13 21:12,Yes,4/12/13 21:24,Yes,jake.hoppe,Yes,4/12/13 22:02,No,,,,8.8.8.8,United States,Fort Huachuca,,2.0.0,,4/12/13 20:53,,iPhone,"Mozilla/5.0 (iPhone; U; CPU iPhone OS 2_1 like Mac OS X; en-us) AppleWebKit/525.18.1 (KHTML, like Gecko) Version/3.1.1 Mobile/5F136 Safari/525.20",TRUE,0,A012,Research,Yes
delphia.murray57991@example.com,Delphia Murray,Repeat ,Tax and Compliance,EMEA,Yes,4/12/13 21:12,Yes,4/12/13 21:19,Yes,delphia.murray,Yes,4/14/13 5:18,No,,,,8.8.8.8,unknown,unknown,,2.0.0,,4/12/13 20:53,,IE 9,Mozilla/4.0 (compatible; MSIE 9.0; Windows NT 6.1 BETA),FALSE,0,A004,Executive,Yes
golda.herman54137@example.com,Golda Herman,Repeat ,Inside Sales,North America,Yes,4/12/13 21:12,Yes,4/13/13 1:01,Yes,golda.herman,Yes,4/12/13 22:47,No,,,,8.8.8.8,Canada,Victoria,,2.0.0,,4/12/13 20:53,,IE 9,Mozilla/4.0 (compatible; MSIE 9.0; Windows NT 6.1 BETA),FALSE,0,A010,Engineering,Yes
ila.pollich33869@example.com,Ila Pollich,Repeat ,Tax and Compliance,North America,Yes,4/12/13 21:12,Yes,4/13/13 7:06,Yes,ila.pollich,Yes,4/12/13 21:45,No,,,,8.8.8.8,Canada,Victoria,,2.0.0,,4/12/13 20:53,,IE 9,Mozilla/4.0 (compatible; MSIE 9.0; Windows NT 6.1 BETA),FALSE,0,A016,Executive,Yes
maxie.metz39141@example.com,Maxie Metz,Repeat ,Sourcing,EMEA,Yes,4/12/13 21:12,Yes,4/13/13 3:11,No,,No,,No,,,,8.8.8.8,United States,Cleveland,,2.0.0,,4/12/13 20:53,,IE 9,Mozilla/4.0 (compatible; MSIE 9.0; Windows NT 6.1 BETA),FALSE,0,A005,Sales,No
candelario.zemlak40602@example.com,Candelario Zemlak,Repeat ,Run,North America,Yes,4/12/13 21:12,Yes,4/13/13 0:10,No,,No,,No,,,,8.8.8.8,United States,Newark,,2.0.0,,4/12/13 20:53,,IE 9,Mozilla/4.0 (compatible; MSIE 9.0; Windows NT 6.1 BETA),FALSE,0,A016,Administration,No
gisselle.feest27997@example.com,Gisselle Feest,Repeat ,Patents,North America,Yes,4/12/13 21:12,Yes,4/13/13 11:43,No,,No,,No,,,,8.8.8.8,United States,Denver,,2.0.0,,4/12/13 20:53,,IE 9,Mozilla/4.0 (compatible; MSIE 9.0; Windows NT 6.1 BETA),FALSE,0,A012,Executive,No
justina.king9303@example.com,Justina King,Repeat ,Benefits Administration,North America,Yes,4/12/13 21:12,Yes,4/12/13 21:44,No,,No,,No,,,,8.8.8.8,United Kingdom,Boston,,2.0.0,,4/12/13 20:53,,IE 9,Mozilla/4.0 (compatible; MSIE 9.0; Windows NT 6.1 BETA),FALSE,0,A015,Executive,No
sidney.paucek69761@example.com,Sidney Paucek,Repeat ,Corporate Finance,EMEA,Yes,4/12/13 21:12,Yes,4/13/13 2:25,No,,No,,No,,,,8.8.8.8,United Kingdom,Cambridge,,2.0.0,,4/12/13 20:53,,FF 20,Mozilla/5.0 (Windows NT 6.1; rv:20.0) Gecko/20.0 Firefox/20.0,FALSE,0,A019,Sales,No
paige.cassin36854@example.com,Paige Cassin,Repeat ,Employee Relations,North America,Yes,4/12/13 21:12,Yes,4/12/13 21:38,No,,No,,No,,,,8.8.8.8,China,Guangzhou,,2.0.0,,4/12/13 20:53,,IE 9,Mozilla/4.0 (compatible; MSIE 9.0; Windows NT 6.1 BETA),FALSE,0,A017,Sales,No
nathaniel.wyman18207@example.com,Nathaniel Wyman,Repeat ,Tax and Compliance,EMEA,Yes,4/12/13 21:12,Yes,4/12/13 22:16,No,,No,,No,,,,8.8.8.8,unknown,unknown,,2.0.0,,4/12/13 20:53,,IE 9,Mozilla/4.0 (compatible; MSIE 9.0; Windows NT 6.1 BETA),FALSE,0,A012,Research,No
marta.smith7729@example.com,Marta Smith,Repeat ,Development Operations,North America,Yes,4/12/13 21:12,Yes,4/12/13 21:09,No,,No,,No,,,,8.8.8.8,unknown,unknown,,2.0.0,,4/12/13 20:53,,IE 9,Mozilla/4.0 (compatible; MSIE 9.0; Windows NT 6.1 BETA),FALSE,0,A011,Administration,No
lucienne.ritchie25282@example.com,Lucienne Ritchie,Repeat ,Employee Training,ASPAC,Yes,4/12/13 21:12,No,,No,,No,,No,,,,8.8.8.8,Japan,unknown,,2.0.0,,4/12/13 20:53,,Outlook 2010,Microsoft Office/14.0 (Windows NT 6.1; Microsoft Outlook 14.0.4760; Pro; ms-office; MSOffice 14),FALSE,,A014,Administration,No
aileen.abbott37531@example.com,Aileen Abbott,Repeat ,Temp Staffing,EMEA,Yes,4/12/13 21:12,No,,No,,No,,No,,,,8.8.8.8,unknown,unknown,,2.0.0,,4/12/13 20:53,,Outlook 2010,Microsoft Office/14.0 (Windows NT 6.1; Microsoft Outlook 14.0.4760; Pro; ms-office; MSOffice 14),FALSE,,A015,Engineering,No
nicola.jones18284@example.com,Nicola Jones,Repeat ,Development Operations,EMEA,Yes,4/12/13 21:12,No,,No,,No,,No,,,,8.8.8.8,United States,New Berlin,,2.0.0,,4/12/13 20:53,,Outlook 2010,Microsoft Office/14.0 (Windows NT 6.1; Microsoft Outlook 14.0.4760; Pro; ms-office; MSOffice 14),FALSE,,A017,Administration,No
savannah.bednar13510@example.com,Savannah Bednar,Repeat ,Asset Management,EMEA,Yes,4/12/13 21:12,No,,No,,No,,No,,,,8.8.8.8,United States,New Berlin,,2.0.0,,4/12/13 20:53,,Outlook 2010,Microsoft Office/14.0 (Windows NT 6.1; Microsoft Outlook 14.0.4760; Pro; ms-office; MSOffice 14),FALSE,,A007,Administration,No
kyleigh.schoen45430@example.com,Kyleigh Schoen,Repeat ,Product Marketing,EMEA,Yes,4/12/13 21:12,No,,No,,No,,No,,,,8.8.8.8,United States,Norwalk,,2.0.0,,4/12/13 20:53,,Outlook 2010,Microsoft Office/14.0 (Windows NT 6.1; Microsoft Outlook 14.0.4760; Pro; ms-office; MSOffice 14),FALSE,,A005,Legal,No
clement.kihn60751@example.com,Clement Kihn,Repeat ,Run,ASPAC,Yes,4/12/13 21:12,No,,No,,No,,No,,,,8.8.8.8,unknown,unknown,,2.0.0,,4/12/13 20:53,,Outlook 2010,Microsoft Office/14.0 (Windows NT 6.1; Microsoft Outlook 14.0.4760; Pro; ms-office; MSOffice 14),FALSE,,A005,Administration,No
kayden.nader57747@example.com,Kayden Nader,Repeat ,Public Relations,South America,Yes,4/12/13 21:12,No,,No,,No,,No,,,,8.8.8.8,United States,Ann Arbor,,2.0.0,,4/12/13 20:53,,Outlook 2010,Microsoft Office/14.0 (Windows NT 6.1; Microsoft Outlook 14.0.4760; Pro; ms-office; MSOffice 14),FALSE,,A014,Sales,No
brenda.ferry17686@example.com,Brenda Ferry,Repeat ,Outside Sales,EMEA,Yes,4/12/13 21:12,No,,No,,No,,No,,,,8.8.8.8,United States,unknown,,2.0.0,,4/12/13 20:53,,Outlook 2010,Microsoft Office/14.0 (Windows NT 6.1; Microsoft Outlook 14.0.4760; Pro; ms-office; MSOffice 14),FALSE,,A014,Administration,No
reid.rosenbaum49323@example.com,Reid Rosenbaum,Repeat ,Sales Engineering,North America,Yes,4/12/13 21:12,No,,No,,No,,No,,,,8.8.8.8,Germany,unknown,,2.0.0,,4/12/13 20:53,,Outlook 2010,Microsoft Office/14.0 (Windows NT 6.1; Microsoft Outlook 14.0.4760; Pro; ms-office; MSOffice 14),FALSE,,A005,Sales,No
lucinda.fahey15662@example.com,Lucinda Fahey,Repeat ,Solution Engineering,EMEA,Yes,4/12/13 21:12,No,,No,,No,,No,,,,8.8.8.8,"Korea, Republic of",unknown,,2.0.0,,4/12/13 20:53,,Outlook 2010,Microsoft Office/14.0 (Windows NT 6.1; Microsoft Outlook 14.0.4760; Pro; ms-office; MSOffice 14),FALSE,,A014,Sales,No
lucienne.kuvalis25946@example.com,Lucienne Kuvalis,Repeat ,Database Administration,EMEA,Yes,4/12/13 21:12,No,,No,,No,,No,,,,8.8.8.8,United States,San Francisco,,2.0.0,,4/12/13 20:53,,Outlook 2010,Microsoft Office/14.0 (Windows NT 6.1; Microsoft Outlook 14.0.4760; Pro; ms-office; MSOffice 14),FALSE,,A007,Executive,No
vanessa.vandervort32719@example.com,Vanessa Vandervort,Repeat ,Inside Sales,EMEA,Yes,4/12/13 21:12,No,,No,,No,,No,,,,8.8.8.8,United States,Cleveland,,2.0.0,,4/12/13 20:53,,Outlook 2007,Mozilla/4.0 (compatible; MSIE 6.0; Windows NT 5.1; SV1; Mozilla/4.0 (compatible; MSIE 6.0; Windows NT 5.1; SV1) ; .NET CLR 1.1.4322; InfoPath.2; .NET CLR 2.0.50727; MSOffice 12),FALSE,,A003,Executive,No
gerardo.gleason5370@example.com,Gerardo Gleason,Repeat ,Employee Relations,North America,Yes,4/12/13 21:12,No,,No,,No,,No,,,,8.8.8.8,United States,Norwalk,,2.0.0,,4/12/13 20:53,,Outlook 2007,Mozilla/4.0 (compatible; MSIE 6.0; Windows NT 5.1; SV1; Mozilla/4.0 (compatible; MSIE 6.0; Windows NT 5.1; SV1) ; .NET CLR 1.1.4322; InfoPath.2; .NET CLR 2.0.50727; MSOffice 12),FALSE,,A007,IT,No
haven.reichel18700@example.com,Haven Reichel,Repeat ,Executive Support,EMEA,Yes,4/12/13 21:12,No,,No,,No,,No,,,,8.8.8.8,unknown,unknown,,2.0.0,,4/12/13 20:53,,Outlook 2007,Mozilla/4.0 (compatible; MSIE 6.0; Windows NT 5.1; SV1; Mozilla/4.0 (compatible; MSIE 6.0; Windows NT 5.1; SV1) ; .NET CLR 1.1.4322; InfoPath.2; .NET CLR 2.0.50727; MSOffice 12),FALSE,,A009,Administration,No
keon.murray3342@example.com,Keon Murray,Repeat ,Support,EMEA,Yes,4/12/13 21:12,No,,No,,No,,No,,,,8.8.8.8,South Africa,Waverly,,2.0.0,,4/12/13 20:53,,Outlook 2007,Mozilla/4.0 (compatible; MSIE 6.0; Windows NT 5.1; SV1; Mozilla/4.0 (compatible; MSIE 6.0; Windows NT 5.1; SV1) ; .NET CLR 1.1.4322; InfoPath.2; .NET CLR 2.0.50727; MSOffice 12),FALSE,,A018,Human Resources,No